Sample in Buffer,Sample in Window,TRIGGER,base_zynq_i/TARGET_C_TopLevel_Sy_0/U0/TC_RoundBuffer/WR_CS_S[5:0],base_zynq_i/TARGET_C_TopLevel_Sy_0/U0/TC_RoundBuffer/inst_DummyTriger/cnt_i[8:0],base_zynq_i/TARGET_C_TopLevel_Sy_0/U0/TC_RoundBuffer/WR_RS_S[1:0],base_zynq_i/TARGET_C_TopLevel_Sy_0/U0/TC_RoundBuffer/WDOSTORE/WdoNumber[8:0],base_zynq_i/axi_dma_0_s2mm_introut,base_zynq_i/TARGET_C_TopLevel_Sy_0/U0/TC_RoundBuffer/CtrlBus_IxSL[CPUMode],base_zynq_i/TARGET_C_TopLevel_Sy_0/U0/TC_RoundBuffer/dummytrigger_s,base_zynq_i/TARGET_C_TopLevel_Sy_0/U0/TC_RoundBuffer/circBuffer/windowStorage,base_zynq_i/TARGET_C_TopLevel_Sy_0/U0/TC_RoundBuffer/WDOSTORE/WriteEn
0,0,0,63,0,3,3,0,0,0,0,0
1,1,0,63,0,3,3,0,0,0,0,0
2,2,0,63,0,3,3,0,0,0,0,0
3,3,0,63,0,3,3,0,0,0,0,0
4,4,0,63,0,3,3,0,0,0,0,0
5,5,0,63,0,3,3,0,0,0,0,0
6,6,0,63,0,3,3,0,0,0,0,0
7,7,0,63,0,3,3,0,0,0,0,0
8,8,0,63,0,3,3,0,0,0,0,0
9,9,0,63,0,3,3,0,0,0,0,0
10,10,0,63,0,3,3,0,0,0,0,0
11,11,0,63,0,3,3,0,0,0,0,0
12,12,0,63,0,3,3,0,0,0,0,0
13,13,0,63,0,3,3,0,0,0,0,0
14,14,0,63,0,3,3,0,0,0,0,0
15,15,0,63,0,3,3,0,0,0,0,0
16,16,0,63,0,3,3,0,0,0,0,0
17,17,0,63,0,3,3,0,0,0,0,0
18,18,0,63,0,3,3,0,0,0,0,0
19,19,0,63,0,3,3,0,0,0,0,0
20,20,1,63,0,3,3,1,0,0,0,0
21,21,0,63,0,3,3,1,0,0,0,0
22,22,0,63,0,3,3,1,0,0,0,0
23,23,0,63,0,3,3,1,0,0,0,0
24,24,0,63,0,3,3,1,0,0,0,0
25,25,0,63,0,3,3,1,0,0,0,0
26,26,0,63,0,3,3,1,0,0,0,0
27,27,0,63,0,3,3,1,0,0,0,0
28,28,0,63,0,3,3,1,0,0,0,0
29,29,0,63,0,3,3,1,0,0,0,0
30,30,0,63,0,3,3,1,0,0,0,0
31,31,0,63,0,3,3,1,0,0,0,0
32,32,0,63,0,3,3,1,0,0,0,0
33,33,0,63,0,3,3,1,0,0,0,0
34,34,0,63,0,3,3,1,0,0,0,0
35,35,0,63,0,3,3,1,0,0,0,0
36,36,0,63,0,3,3,1,0,0,0,0
37,37,0,63,0,3,3,1,0,0,0,0
38,38,0,63,0,3,3,1,0,0,0,0
39,39,0,63,0,3,3,1,0,0,0,0
40,40,0,63,0,3,3,1,0,0,0,0
41,41,0,63,0,3,3,1,0,0,0,0
42,42,0,63,0,3,3,1,0,0,0,0
43,43,0,63,0,3,3,1,0,0,0,0
44,44,0,63,0,3,3,1,0,0,0,0
45,45,0,63,0,3,3,1,0,0,0,0
46,46,0,63,0,3,3,1,0,0,0,0
47,47,0,63,0,3,3,1,0,0,0,0
48,48,0,63,0,3,3,1,0,0,0,0
49,49,0,63,0,3,3,1,0,0,0,0
50,50,0,63,0,3,3,1,0,0,0,0
51,51,0,63,0,3,3,1,0,0,0,0
52,52,0,63,0,3,3,1,0,0,0,0
53,53,0,63,0,3,3,1,0,0,0,0
54,54,0,63,0,3,3,1,0,0,0,0
55,55,0,63,0,3,3,1,0,0,0,0
56,56,0,63,0,3,3,1,0,0,0,0
57,57,0,63,0,3,3,1,0,0,0,0
58,58,0,63,0,3,3,1,0,0,0,0
59,59,0,63,0,3,3,1,0,0,0,0
60,60,0,63,0,3,3,1,0,0,0,0
61,61,0,63,0,3,3,1,0,0,0,0
62,62,0,63,0,3,3,1,0,0,0,0
63,63,0,63,0,3,3,1,0,0,0,0
64,64,0,63,0,3,3,1,0,0,0,0
65,65,0,63,0,3,3,1,0,0,0,0
66,66,0,63,0,3,3,1,0,0,0,0
67,67,0,63,0,3,3,1,0,0,0,0
68,68,0,63,0,3,3,1,0,0,0,0
69,69,0,63,0,3,3,1,0,0,0,0
70,70,0,63,0,3,3,1,0,0,0,0
71,71,0,63,0,3,3,1,0,0,0,0
72,72,0,63,0,3,3,1,0,0,0,0
73,73,0,63,0,3,3,1,0,0,0,0
74,74,0,63,0,3,3,1,0,0,0,0
75,75,0,63,0,3,3,1,0,0,0,0
76,76,0,63,0,3,3,1,0,0,0,0
77,77,0,63,0,3,3,1,0,0,0,0
78,78,0,63,0,3,3,1,0,0,0,0
79,79,0,63,0,3,3,1,0,0,0,0
80,80,0,63,0,3,3,1,0,0,0,0
81,81,0,63,0,3,3,1,0,0,0,0
82,82,0,63,0,3,3,1,0,0,0,0
83,83,0,63,0,3,3,1,0,0,0,0
84,84,0,63,0,3,3,1,0,0,0,0
85,85,0,63,0,3,3,1,0,0,0,0
86,86,0,63,0,3,3,1,0,0,0,0
87,87,0,63,0,3,3,1,0,0,0,0
88,88,0,63,0,3,3,1,0,0,0,0
89,89,0,63,0,3,3,1,0,0,0,0
90,90,0,63,0,3,3,1,0,0,0,0
91,91,0,63,0,3,3,1,0,0,0,0
92,92,0,63,0,3,3,1,0,0,0,0
93,93,0,63,0,3,3,1,0,0,0,0
94,94,0,63,0,3,3,1,0,0,0,0
95,95,0,63,0,3,3,1,0,0,0,0
96,96,0,63,0,3,3,1,0,0,0,0
97,97,0,63,0,3,3,1,0,0,0,0
98,98,0,63,0,3,3,1,0,0,0,0
99,99,0,63,0,3,3,1,0,0,0,0
100,100,0,63,0,3,3,1,0,0,0,0
101,101,0,63,0,3,3,1,0,0,0,0
102,102,0,63,0,3,3,1,0,0,0,0
103,103,0,63,0,3,3,1,0,0,0,0
104,104,0,63,0,3,3,1,0,0,0,0
105,105,0,63,0,3,3,1,0,0,0,0
106,106,0,63,0,3,3,1,0,0,0,0
107,107,0,63,0,3,3,1,0,0,0,0
108,108,0,63,0,3,3,1,0,0,0,0
109,109,0,63,0,3,3,1,0,0,0,0
110,110,0,63,0,3,3,1,0,0,0,0
111,111,0,63,0,3,3,1,0,0,0,0
112,112,0,63,0,3,3,1,0,0,0,0
113,113,0,63,0,3,3,1,0,0,0,0
114,114,0,63,0,3,3,1,0,0,0,0
115,115,0,63,0,3,3,1,0,0,0,0
116,116,0,63,0,3,3,1,0,0,0,0
117,117,0,63,0,3,3,1,0,0,0,0
118,118,0,63,0,3,3,1,0,0,0,0
119,119,0,63,0,3,3,1,0,0,0,0
120,120,0,63,0,3,3,1,0,0,0,0
121,121,0,63,0,3,3,1,0,0,0,0
122,122,0,63,0,3,3,1,0,0,0,0
123,123,0,63,0,3,3,1,0,0,0,0
124,124,0,63,0,3,3,1,0,0,0,0
125,125,0,63,0,3,3,1,0,0,0,0
126,126,0,63,0,3,3,1,0,0,0,0
127,127,0,63,0,3,3,1,0,0,0,0
128,128,0,63,0,3,3,1,0,0,0,0
129,129,0,63,0,3,3,1,0,0,0,0
130,130,0,63,0,3,3,1,0,0,0,0
131,131,0,63,0,3,3,1,0,0,0,0
132,132,0,63,0,3,3,1,0,0,0,0
133,133,0,63,0,3,3,1,0,0,0,0
134,134,0,63,0,3,3,1,0,0,0,0
135,135,0,63,0,3,3,1,0,0,0,0
136,136,0,63,0,3,3,1,0,0,0,0
137,137,0,63,0,3,3,1,0,0,0,0
138,138,0,63,0,3,3,1,0,0,0,0
139,139,0,63,0,3,3,1,0,0,0,0
140,140,0,63,0,3,3,1,0,0,0,0
141,141,0,63,0,3,3,1,0,0,0,0
142,142,0,63,0,3,3,1,0,0,0,0
143,143,0,63,0,3,3,1,0,0,0,0
144,144,0,63,0,3,3,1,0,0,0,0
145,145,0,63,0,3,3,1,0,0,0,0
146,146,0,63,0,3,3,1,0,0,0,0
147,147,0,63,0,3,3,1,0,0,0,0
148,148,0,63,0,3,3,1,0,0,0,0
149,149,0,63,0,3,3,1,0,0,0,0
150,150,0,63,0,3,3,1,0,0,0,0
151,151,0,63,0,3,3,1,0,0,0,0
152,152,0,63,0,3,3,1,0,0,0,0
153,153,0,63,0,3,3,1,0,0,0,0
154,154,0,63,0,3,3,1,0,0,0,0
155,155,0,63,0,3,3,1,0,0,0,0
156,156,0,63,0,3,3,1,0,0,0,0
157,157,0,63,0,3,3,1,0,0,0,0
158,158,0,63,0,3,3,1,0,0,0,0
159,159,0,63,0,3,3,1,0,0,0,0
160,160,0,63,0,3,3,1,0,0,0,0
161,161,0,63,0,3,3,1,0,0,0,0
162,162,0,63,0,3,3,1,0,0,0,0
163,163,0,63,0,3,3,1,0,0,0,0
164,164,0,63,0,3,3,1,0,0,0,0
165,165,0,63,0,3,3,1,0,0,0,0
166,166,0,63,0,3,3,1,0,0,0,0
167,167,0,63,0,3,3,1,0,0,0,0
168,168,0,63,0,3,3,1,0,0,0,0
169,169,0,63,0,3,3,1,0,0,0,0
170,170,0,63,0,3,3,1,0,0,0,0
171,171,0,63,0,3,3,1,0,0,0,0
172,172,0,63,0,3,3,1,0,0,0,0
173,173,0,63,0,3,3,1,0,0,0,0
174,174,0,63,0,3,3,1,0,0,0,0
175,175,0,63,0,3,3,1,0,0,0,0
176,176,0,63,0,3,3,0,0,0,0,0
177,177,0,63,0,3,3,0,0,0,0,0
178,178,0,63,0,3,3,0,0,0,0,0
179,179,0,63,0,3,3,0,0,0,0,0
180,180,0,63,0,3,3,0,0,0,0,0
181,181,0,63,0,3,3,0,0,0,0,0
182,182,0,63,0,3,3,0,0,0,0,0
183,183,0,63,0,3,3,0,0,0,0,0
184,184,0,63,0,3,3,0,0,0,0,0
185,185,0,63,0,3,3,0,0,0,0,0
186,186,0,63,0,3,3,0,0,0,0,0
187,187,0,63,0,3,3,0,0,0,0,0
188,188,0,63,0,3,3,0,0,0,0,0
189,189,0,63,0,3,3,0,0,0,0,0
190,190,0,63,0,3,3,0,0,0,0,0
191,191,0,63,0,3,3,0,0,0,0,0
192,192,0,63,0,3,3,0,0,0,0,0
193,193,0,63,0,3,3,0,0,0,0,0
194,194,0,63,0,3,3,0,0,0,0,0
195,195,0,63,0,3,3,0,0,0,0,0
196,196,0,63,0,3,3,0,0,0,0,0
197,197,0,63,0,3,3,0,0,0,0,0
198,198,0,63,0,3,3,0,0,0,0,0
199,199,0,63,0,3,3,0,0,0,0,0
200,200,0,63,0,3,3,0,0,0,0,0
201,201,0,63,0,3,3,0,0,0,0,0
202,202,0,63,0,3,3,0,0,0,0,0
203,203,0,63,0,3,3,0,0,0,0,0
204,204,0,63,0,3,3,0,0,0,0,0
205,205,0,63,0,3,3,0,0,0,0,0
206,206,0,63,0,3,3,0,0,0,0,0
207,207,0,63,0,3,3,0,0,0,0,0
208,208,0,63,0,3,3,0,0,0,0,0
209,209,0,63,0,3,3,0,0,0,0,0
210,210,0,63,0,3,3,0,0,0,0,0
211,211,0,63,0,3,3,0,0,0,0,0
212,212,0,63,0,3,3,0,0,0,0,0
213,213,0,63,0,3,3,0,0,0,0,0
214,214,0,63,0,3,3,0,0,0,0,0
215,215,0,63,0,3,3,0,0,0,0,0
216,216,0,63,0,3,3,0,0,0,0,0
217,217,0,63,0,3,3,0,0,0,0,0
218,218,0,63,0,3,3,0,0,0,0,0
219,219,0,63,0,3,3,0,0,0,0,0
220,220,0,63,0,3,3,0,0,0,0,0
221,221,0,63,0,3,3,0,0,0,0,0
222,222,0,63,0,3,3,0,0,0,0,0
223,223,0,63,0,3,3,0,0,0,0,0
224,224,0,63,0,3,3,0,0,0,0,0
225,225,0,63,0,3,3,0,0,0,0,0
226,226,0,63,0,3,3,0,0,0,0,0
227,227,0,63,0,3,3,0,0,0,0,0
228,228,0,63,0,3,3,0,0,0,0,0
229,229,0,63,0,3,3,0,0,0,0,0
230,230,0,63,0,3,3,0,0,0,0,0
231,231,0,63,0,3,3,0,0,0,0,0
232,232,0,63,0,3,3,0,0,0,0,0
233,233,0,63,0,3,3,0,0,0,0,0
234,234,0,63,0,3,3,0,0,0,0,0
235,235,0,63,0,3,3,0,0,0,0,0
236,236,0,63,0,3,3,0,0,0,0,0
237,237,0,63,0,3,3,0,0,0,0,0
238,238,0,63,0,3,3,0,0,0,0,0
239,239,0,63,0,3,3,0,0,0,0,0
240,240,0,63,0,3,3,0,0,0,0,0
241,241,0,63,0,3,3,0,0,0,0,0
242,242,0,63,0,3,3,0,0,0,0,0
243,243,0,63,0,3,3,0,0,0,0,0
244,244,0,63,0,3,3,0,0,0,0,0
245,245,0,63,0,3,3,0,0,0,0,0
246,246,0,63,0,3,3,0,0,0,0,0
247,247,0,63,0,3,3,0,0,0,0,0
248,248,0,63,0,3,3,0,0,0,0,0
249,249,0,63,0,3,3,0,0,0,0,0
250,250,0,63,0,3,3,0,0,0,0,0
251,251,0,63,0,3,3,0,0,0,0,0
252,252,0,63,0,3,3,0,0,0,0,0
253,253,0,63,0,3,3,0,0,0,0,0
254,254,0,63,0,3,3,0,0,0,0,0
255,255,0,63,0,3,3,0,0,0,0,0
256,0,0,63,0,3,3,0,0,0,0,0
257,1,0,63,0,3,3,0,0,0,0,0
258,2,0,63,0,3,3,0,0,0,0,0
259,3,0,63,0,3,3,0,0,0,0,0
260,4,0,63,0,3,3,0,0,0,0,0
261,5,0,63,0,3,3,0,0,0,0,0
262,6,0,63,0,3,3,0,0,0,0,0
263,7,0,63,0,3,3,0,0,0,0,0
264,8,0,63,0,3,3,0,0,0,0,0
265,9,0,63,0,3,3,0,0,0,0,0
266,10,0,63,0,3,3,0,0,0,0,0
267,11,0,63,0,3,3,0,0,0,0,0
268,12,0,63,0,3,3,0,0,0,0,0
269,13,0,63,0,3,3,0,0,0,0,0
270,14,0,63,0,3,3,0,0,0,0,0
271,15,0,63,0,3,3,0,0,0,0,0
272,16,0,63,0,3,3,0,0,0,0,0
273,17,0,63,0,3,3,0,0,0,0,0
274,18,0,63,0,3,3,0,0,0,0,0
275,19,0,63,0,3,3,0,0,0,0,0
276,20,1,63,0,3,3,1,0,0,0,0
277,21,0,63,0,3,3,1,0,0,0,0
278,22,0,63,0,3,3,1,0,0,0,0
279,23,0,63,0,3,3,1,0,0,0,0
280,24,0,63,0,3,3,1,0,0,0,0
281,25,0,63,0,3,3,1,0,0,0,0
282,26,0,63,0,3,3,1,0,0,0,0
283,27,0,63,0,3,3,1,0,0,0,0
284,28,0,63,0,3,3,1,0,0,0,0
285,29,0,63,0,3,3,1,0,0,0,0
286,30,0,63,0,3,3,1,0,0,0,0
287,31,0,63,0,3,3,1,0,0,0,0
288,32,0,63,0,3,3,1,0,0,0,0
289,33,0,63,0,3,3,1,0,0,0,0
290,34,0,63,0,3,3,1,0,0,0,0
291,35,0,63,0,3,3,1,0,0,0,0
292,36,0,63,0,3,3,1,0,0,0,0
293,37,0,63,0,3,3,1,0,0,0,0
294,38,0,63,0,3,3,1,0,0,0,0
295,39,0,63,0,3,3,1,0,0,0,0
296,40,0,63,0,3,3,1,0,0,0,0
297,41,0,63,0,3,3,1,0,0,0,0
298,42,0,63,0,3,3,1,0,0,0,0
299,43,0,63,0,3,3,1,0,0,0,0
300,44,0,63,0,3,3,1,0,0,0,0
301,45,0,63,0,3,3,1,0,0,0,0
302,46,0,63,0,3,3,1,0,0,0,0
303,47,0,63,0,3,3,1,0,0,0,0
304,48,0,63,0,3,3,1,0,0,0,0
305,49,0,63,0,3,3,1,0,0,0,0
306,50,0,63,0,3,3,1,0,0,0,0
307,51,0,63,0,3,3,1,0,0,0,0
308,52,0,63,0,3,3,1,0,0,0,0
309,53,0,63,0,3,3,1,0,0,0,0
310,54,0,63,0,3,3,1,0,0,0,0
311,55,0,63,0,3,3,1,0,0,0,0
312,56,0,63,0,3,3,1,0,0,0,0
313,57,0,63,0,3,3,1,0,0,0,0
314,58,0,63,0,3,3,1,0,0,0,0
315,59,0,63,0,3,3,1,0,0,0,0
316,60,0,63,0,3,3,1,0,0,0,0
317,61,0,63,0,3,3,1,0,0,0,0
318,62,0,63,0,3,3,1,0,0,0,0
319,63,0,63,0,3,3,1,0,0,0,0
320,64,0,63,0,3,3,1,0,0,0,0
321,65,0,63,0,3,3,1,0,0,0,0
322,66,0,63,0,3,3,1,0,0,0,0
323,67,0,63,0,3,3,1,0,0,0,0
324,68,0,63,0,3,3,1,0,0,0,0
325,69,0,63,0,3,3,1,0,0,0,0
326,70,0,63,0,3,3,1,0,0,0,0
327,71,0,63,0,3,3,1,0,0,0,0
328,72,0,63,0,3,3,1,0,0,0,0
329,73,0,63,0,3,3,1,0,0,0,0
330,74,0,63,0,3,3,1,0,0,0,0
331,75,0,63,0,3,3,1,0,0,0,0
332,76,0,63,0,3,3,1,0,0,0,0
333,77,0,63,0,3,3,1,0,0,0,0
334,78,0,63,0,3,3,1,0,0,0,0
335,79,0,63,0,3,3,1,0,0,0,0
336,80,0,63,0,3,3,1,0,0,0,0
337,81,0,63,0,3,3,1,0,0,0,0
338,82,0,63,0,3,3,1,0,0,0,0
339,83,0,63,0,3,3,1,0,0,0,0
340,84,0,63,0,3,3,1,0,0,0,0
341,85,0,63,0,3,3,1,0,0,0,0
342,86,0,63,0,3,3,1,0,0,0,0
343,87,0,63,0,3,3,1,0,0,0,0
344,88,0,63,0,3,3,1,0,0,0,0
345,89,0,63,0,3,3,1,0,0,0,0
346,90,0,63,0,3,3,1,0,0,0,0
347,91,0,63,0,3,3,1,0,0,0,0
348,92,0,63,0,3,3,1,0,0,0,0
349,93,0,63,0,3,3,1,0,0,0,0
350,94,0,63,0,3,3,1,0,0,0,0
351,95,0,63,0,3,3,1,0,0,0,0
352,96,0,63,0,3,3,1,0,0,0,0
353,97,0,63,0,3,3,1,0,0,0,0
354,98,0,63,0,3,3,1,0,0,0,0
355,99,0,63,0,3,3,1,0,0,0,0
356,100,0,63,0,3,3,1,0,0,0,0
357,101,0,63,0,3,3,1,0,0,0,0
358,102,0,63,0,3,3,1,0,0,0,0
359,103,0,63,0,3,3,1,0,0,0,0
360,104,0,63,0,3,3,1,0,0,0,0
361,105,0,63,0,3,3,1,0,0,0,0
362,106,0,63,0,3,3,1,0,0,0,0
363,107,0,63,0,3,3,1,0,0,0,0
364,108,0,63,0,3,3,1,0,0,0,0
365,109,0,63,0,3,3,1,0,0,0,0
366,110,0,63,0,3,3,1,0,0,0,0
367,111,0,63,0,3,3,1,0,0,0,0
368,112,0,63,0,3,3,1,0,0,0,0
369,113,0,63,0,3,3,1,0,0,0,0
370,114,0,63,0,3,3,1,0,0,0,0
371,115,0,63,0,3,3,1,0,0,0,0
372,116,0,63,0,3,3,1,0,0,0,0
373,117,0,63,0,3,3,1,0,0,0,0
374,118,0,63,0,3,3,1,0,0,0,0
375,119,0,63,0,3,3,1,0,0,0,0
376,120,0,63,0,3,3,1,0,0,0,0
377,121,0,63,0,3,3,1,0,0,0,0
378,122,0,63,0,3,3,1,0,0,0,0
379,123,0,63,0,3,3,1,0,0,0,0
380,124,0,63,0,3,3,1,0,0,0,0
381,125,0,63,0,3,3,1,0,0,0,0
382,126,0,63,0,3,3,1,0,0,0,0
383,127,0,63,0,3,3,1,0,0,0,0
384,128,0,63,0,3,3,1,0,0,0,0
385,129,0,63,0,3,3,1,0,0,0,0
386,130,0,63,0,3,3,1,0,0,0,0
387,131,0,63,0,3,3,1,0,0,0,0
388,132,0,63,0,3,3,1,0,0,0,0
389,133,0,63,0,3,3,1,0,0,0,0
390,134,0,63,0,3,3,1,0,0,0,0
391,135,0,63,0,3,3,1,0,0,0,0
392,136,0,63,0,3,3,1,0,0,0,0
393,137,0,63,0,3,3,1,0,0,0,0
394,138,0,63,0,3,3,1,0,0,0,0
395,139,0,63,0,3,3,1,0,0,0,0
396,140,0,63,0,3,3,1,0,0,0,0
397,141,0,63,0,3,3,1,0,0,0,0
398,142,0,63,0,3,3,1,0,0,0,0
399,143,0,63,0,3,3,1,0,0,0,0
400,144,0,63,0,3,3,1,0,0,0,0
401,145,0,63,0,3,3,1,0,0,0,0
402,146,0,63,0,3,3,1,0,0,0,0
403,147,0,63,0,3,3,1,0,0,0,0
404,148,0,63,0,3,3,1,0,0,0,0
405,149,0,63,0,3,3,1,0,0,0,0
406,150,0,63,0,3,3,1,0,0,0,0
407,151,0,63,0,3,3,1,0,0,0,0
408,152,0,63,0,3,3,1,0,0,0,0
409,153,0,63,0,3,3,1,0,0,0,0
410,154,0,63,0,3,3,1,0,0,0,0
411,155,0,63,0,3,3,1,0,0,0,0
412,156,0,63,0,3,3,1,0,0,0,0
413,157,0,63,0,3,3,1,0,0,0,0
414,158,0,63,0,3,3,1,0,0,0,0
415,159,0,63,0,3,3,1,0,0,0,0
416,160,0,63,0,3,3,1,0,0,0,0
417,161,0,63,0,3,3,1,0,0,0,0
418,162,0,63,0,3,3,1,0,0,0,0
419,163,0,63,0,3,3,1,0,0,0,0
420,164,0,63,0,3,3,1,0,0,0,0
421,165,0,63,0,3,3,1,0,0,0,0
422,166,0,63,0,3,3,1,0,0,0,0
423,167,0,63,0,3,3,1,0,0,0,0
424,168,0,63,0,3,3,1,0,0,0,0
425,169,0,63,0,3,3,1,0,0,0,0
426,170,0,63,0,3,3,1,0,0,0,0
427,171,0,63,0,3,3,0,0,0,0,0
428,172,0,63,0,3,3,0,0,0,0,0
429,173,0,63,0,3,3,0,0,0,0,0
430,174,0,63,0,3,3,0,0,0,0,0
431,175,0,63,0,3,3,0,0,0,0,0
432,176,0,63,0,3,3,0,0,0,0,0
433,177,0,63,0,3,3,0,0,0,0,0
434,178,0,63,0,3,3,0,0,0,0,0
435,179,0,63,0,3,3,0,0,0,0,0
436,180,0,63,0,3,3,0,0,0,0,0
437,181,0,63,0,3,3,0,0,0,0,0
438,182,0,63,0,3,3,0,0,0,0,0
439,183,0,63,0,3,3,0,0,0,0,0
440,184,0,63,0,3,3,0,0,0,0,0
441,185,0,63,0,3,3,0,0,0,0,0
442,186,0,63,0,3,3,0,0,0,0,0
443,187,0,63,0,3,3,0,0,0,0,0
444,188,0,63,0,3,3,0,0,0,0,0
445,189,0,63,0,3,3,0,0,0,0,0
446,190,0,63,0,3,3,0,0,0,0,0
447,191,0,63,0,3,3,0,0,0,0,0
448,192,0,63,0,3,3,0,0,0,0,0
449,193,0,63,0,3,3,0,0,0,0,0
450,194,0,63,0,3,3,0,0,0,0,0
451,195,0,63,0,3,3,0,0,0,0,0
452,196,0,63,0,3,3,0,0,0,0,0
453,197,0,63,0,3,3,0,0,0,0,0
454,198,0,63,0,3,3,0,0,0,0,0
455,199,0,63,0,3,3,0,0,0,0,0
456,200,0,63,0,3,3,0,0,0,0,0
457,201,0,63,0,3,3,0,0,0,0,0
458,202,0,63,0,3,3,0,0,0,0,0
459,203,0,63,0,3,3,0,0,0,0,0
460,204,0,63,0,3,3,0,0,0,0,0
461,205,0,63,0,3,3,0,0,0,0,0
462,206,0,63,0,3,3,0,0,0,0,0
463,207,0,63,0,3,3,0,0,0,0,0
464,208,0,63,0,3,3,0,0,0,0,0
465,209,0,63,0,3,3,0,0,0,0,0
466,210,0,63,0,3,3,0,0,0,0,0
467,211,0,63,0,3,3,0,0,0,0,0
468,212,0,63,0,3,3,0,0,0,0,0
469,213,0,63,0,3,3,0,0,0,0,0
470,214,0,63,0,3,3,0,0,0,0,0
471,215,0,63,0,3,3,0,0,0,0,0
472,216,0,63,0,3,3,0,0,0,0,0
473,217,0,63,0,3,3,0,0,0,0,0
474,218,0,63,0,3,3,0,0,0,0,0
475,219,0,63,0,3,3,0,0,0,0,0
476,220,0,63,0,3,3,0,0,0,0,0
477,221,0,63,0,3,3,0,0,0,0,0
478,222,0,63,0,3,3,0,0,0,0,0
479,223,0,63,0,3,3,0,0,0,0,0
480,224,0,63,0,3,3,0,0,0,0,0
481,225,0,63,0,3,3,0,0,0,0,0
482,226,0,63,0,3,3,0,0,0,0,0
483,227,0,63,0,3,3,0,0,0,0,0
484,228,0,63,0,3,3,0,0,0,0,0
485,229,0,63,0,3,3,0,0,0,0,0
486,230,0,63,0,3,3,0,0,0,0,0
487,231,0,63,0,3,3,0,0,0,0,0
488,232,0,63,0,3,3,0,0,0,0,0
489,233,0,63,0,3,3,0,0,0,0,0
490,234,0,63,0,3,3,0,0,0,0,0
491,235,0,63,0,3,3,0,0,0,0,0
492,236,0,63,0,3,3,0,0,0,0,0
493,237,0,63,0,3,3,0,0,0,0,0
494,238,0,63,0,3,3,0,0,0,0,0
495,239,0,63,0,3,3,0,0,0,0,0
496,240,0,63,0,3,3,0,0,0,0,0
497,241,0,63,0,3,3,0,0,0,0,0
498,242,0,63,0,3,3,0,0,0,0,0
499,243,0,63,0,3,3,0,0,0,0,0
500,244,0,63,0,3,3,0,0,0,0,0
501,245,0,63,0,3,3,0,0,0,0,0
502,246,0,63,0,3,3,0,0,0,0,0
503,247,0,63,0,3,3,0,0,0,0,0
504,248,0,63,0,3,3,0,0,0,0,0
505,249,0,63,0,3,3,0,0,0,0,0
506,250,0,63,0,3,3,0,0,0,0,0
507,251,0,63,0,3,3,0,0,0,0,0
508,252,0,63,0,3,3,0,0,0,0,0
509,253,0,63,0,3,3,0,0,0,0,0
510,254,0,63,0,3,3,0,0,0,0,0
511,255,0,63,0,3,3,0,0,0,0,0
512,0,0,63,0,3,3,0,0,0,0,0
513,1,0,63,0,3,3,0,0,0,0,0
514,2,0,63,0,3,3,0,0,0,0,0
515,3,0,63,0,3,3,0,0,0,0,0
516,4,0,63,0,3,3,0,0,0,0,0
517,5,0,63,0,3,3,0,0,0,0,0
518,6,0,63,0,3,3,0,0,0,0,0
519,7,0,63,0,3,3,0,0,0,0,0
520,8,0,63,0,3,3,0,0,0,0,0
521,9,0,63,0,3,3,0,0,0,0,0
522,10,0,63,0,3,3,0,0,0,0,0
523,11,0,63,0,3,3,0,0,0,0,0
524,12,0,63,0,3,3,0,0,0,0,0
525,13,0,63,0,3,3,0,0,0,0,0
526,14,0,63,0,3,3,0,0,0,0,0
527,15,0,63,0,3,3,0,0,0,0,0
528,16,0,63,0,3,3,0,0,0,0,0
529,17,0,63,0,3,3,0,0,0,0,0
530,18,0,63,0,3,3,0,0,0,0,0
531,19,0,63,0,3,3,0,0,0,0,0
532,20,1,63,0,3,3,1,0,0,0,0
533,21,0,63,0,3,3,1,0,0,0,0
534,22,0,63,0,3,3,1,0,0,0,0
535,23,0,63,0,3,3,1,0,0,0,0
536,24,0,63,0,3,3,1,0,0,0,0
537,25,0,63,0,3,3,1,0,0,0,0
538,26,0,63,0,3,3,1,0,0,0,0
539,27,0,63,0,3,3,1,0,0,0,0
540,28,0,63,0,3,3,1,0,0,0,0
541,29,0,63,0,3,3,1,0,0,0,0
542,30,0,63,0,3,3,1,0,0,0,0
543,31,0,63,0,3,3,1,0,0,0,0
544,32,0,63,0,3,3,1,0,0,0,0
545,33,0,63,0,3,3,1,0,0,0,0
546,34,0,63,0,3,3,1,0,0,0,0
547,35,0,63,0,3,3,1,0,0,0,0
548,36,0,63,0,3,3,1,0,0,0,0
549,37,0,63,0,3,3,1,0,0,0,0
550,38,0,63,0,3,3,1,0,0,0,0
551,39,0,63,0,3,3,1,0,0,0,0
552,40,0,63,0,3,3,1,0,0,0,0
553,41,0,63,0,3,3,1,0,0,0,0
554,42,0,63,0,3,3,1,0,0,0,0
555,43,0,63,0,3,3,1,0,0,0,0
556,44,0,63,0,3,3,1,0,0,0,0
557,45,0,63,0,3,3,1,0,0,0,0
558,46,0,63,0,3,3,1,0,0,0,0
559,47,0,63,0,3,3,1,0,0,0,0
560,48,0,63,0,3,3,1,0,0,0,0
561,49,0,63,0,3,3,1,0,0,0,0
562,50,0,63,0,3,3,1,0,0,0,0
563,51,0,63,0,3,3,1,0,0,0,0
564,52,0,63,0,3,3,1,0,0,0,0
565,53,0,63,0,3,3,1,0,0,0,0
566,54,0,63,0,3,3,1,0,0,0,0
567,55,0,63,0,3,3,1,0,0,0,0
568,56,0,63,0,3,3,1,0,0,0,0
569,57,0,63,0,3,3,1,0,0,0,0
570,58,0,63,0,3,3,1,0,0,0,0
571,59,0,63,0,3,3,1,0,0,0,0
572,60,0,63,0,3,3,1,0,0,0,0
573,61,0,63,0,3,3,1,0,0,0,0
574,62,0,63,0,3,3,1,0,0,0,0
575,63,0,63,0,3,3,1,0,0,0,0
576,64,0,63,0,3,3,1,0,0,0,0
577,65,0,63,0,3,3,1,0,0,0,0
578,66,0,63,0,3,3,1,0,0,0,0
579,67,0,63,0,3,3,1,0,0,0,0
580,68,0,63,0,3,3,1,0,0,0,0
581,69,0,63,0,3,3,1,0,0,0,0
582,70,0,63,0,3,3,1,0,0,0,0
583,71,0,63,0,3,3,1,0,0,0,0
584,72,0,63,0,3,3,1,0,0,0,0
585,73,0,63,0,3,3,1,0,0,0,0
586,74,0,63,0,3,3,1,0,0,0,0
587,75,0,63,0,3,3,1,0,0,0,0
588,76,0,63,0,3,3,1,0,0,0,0
589,77,0,63,0,3,3,1,0,0,0,0
590,78,0,63,0,3,3,1,0,0,0,0
591,79,0,63,0,3,3,1,0,0,0,0
592,80,0,63,0,3,3,1,0,0,0,0
593,81,0,63,0,3,3,1,0,0,0,0
594,82,0,63,0,3,3,1,0,0,0,0
595,83,0,63,0,3,3,1,0,0,0,0
596,84,0,63,0,3,3,1,0,0,0,0
597,85,0,63,0,3,3,1,0,0,0,0
598,86,0,63,0,3,3,1,0,0,0,0
599,87,0,63,0,3,3,1,0,0,0,0
600,88,0,63,0,3,3,1,0,0,0,0
601,89,0,63,0,3,3,1,0,0,0,0
602,90,0,63,0,3,3,1,0,0,0,0
603,91,0,63,0,3,3,1,0,0,0,0
604,92,0,63,0,3,3,1,0,0,0,0
605,93,0,63,0,3,3,1,0,0,0,0
606,94,0,63,0,3,3,1,0,0,0,0
607,95,0,63,0,3,3,1,0,0,0,0
608,96,0,63,0,3,3,1,0,0,0,0
609,97,0,63,0,3,3,1,0,0,0,0
610,98,0,63,0,3,3,1,0,0,0,0
611,99,0,63,0,3,3,1,0,0,0,0
612,100,0,63,0,3,3,1,0,0,0,0
613,101,0,63,0,3,3,1,0,0,0,0
614,102,0,63,0,3,3,1,0,0,0,0
615,103,0,63,0,3,3,1,0,0,0,0
616,104,0,63,0,3,3,1,0,0,0,0
617,105,0,63,0,3,3,1,0,0,0,0
618,106,0,63,0,3,3,1,0,0,0,0
619,107,0,63,0,3,3,1,0,0,0,0
620,108,0,63,0,3,3,1,0,0,0,0
621,109,0,63,0,3,3,1,0,0,0,0
622,110,0,63,0,3,3,1,0,0,0,0
623,111,0,63,0,3,3,1,0,0,0,0
624,112,0,63,0,3,3,1,0,0,0,0
625,113,0,63,0,3,3,1,0,0,0,0
626,114,0,63,0,3,3,1,0,0,0,0
627,115,0,63,0,3,3,1,0,0,0,0
628,116,0,63,0,3,3,1,0,0,0,0
629,117,0,63,0,3,3,1,0,0,0,0
630,118,0,63,0,3,3,1,0,0,0,0
631,119,0,63,0,3,3,1,0,0,0,0
632,120,0,63,0,3,3,1,0,0,0,0
633,121,0,63,0,3,3,1,0,0,0,0
634,122,0,63,0,3,3,1,0,0,0,0
635,123,0,63,0,3,3,1,0,0,0,0
636,124,0,63,0,3,3,1,0,0,0,0
637,125,0,63,0,3,3,1,0,0,0,0
638,126,0,63,0,3,3,1,0,0,0,0
639,127,0,63,0,3,3,1,0,0,0,0
640,128,0,63,0,3,3,1,0,0,0,0
641,129,0,63,0,3,3,1,0,0,0,0
642,130,0,63,0,3,3,1,0,0,0,0
643,131,0,63,0,3,3,1,0,0,0,0
644,132,0,63,0,3,3,1,0,0,0,0
645,133,0,63,0,3,3,1,0,0,0,0
646,134,0,63,0,3,3,1,0,0,0,0
647,135,0,63,0,3,3,1,0,0,0,0
648,136,0,63,0,3,3,1,0,0,0,0
649,137,0,63,0,3,3,1,0,0,0,0
650,138,0,63,0,3,3,1,0,0,0,0
651,139,0,63,0,3,3,1,0,0,0,0
652,140,0,63,0,3,3,1,0,0,0,0
653,141,0,63,0,3,3,1,0,0,0,0
654,142,0,63,0,3,3,1,0,0,0,0
655,143,0,63,0,3,3,1,0,0,0,0
656,144,0,63,0,3,3,1,0,0,0,0
657,145,0,63,0,3,3,1,0,0,0,0
658,146,0,63,0,3,3,1,0,0,0,0
659,147,0,63,0,3,3,1,0,0,0,0
660,148,0,63,0,3,3,1,0,0,0,0
661,149,0,63,0,3,3,1,0,0,0,0
662,150,0,63,0,3,3,1,0,0,0,0
663,151,0,63,0,3,3,1,0,0,0,0
664,152,0,63,0,3,3,1,0,0,0,0
665,153,0,63,0,3,3,1,0,0,0,0
666,154,0,63,0,3,3,1,0,0,0,0
667,155,0,63,0,3,3,1,0,0,0,0
668,156,0,63,0,3,3,1,0,0,0,0
669,157,0,63,0,3,3,1,0,0,0,0
670,158,0,63,0,3,3,1,0,0,0,0
671,159,0,63,0,3,3,1,0,0,0,0
672,160,0,63,0,3,3,1,0,0,0,0
673,161,0,63,0,3,3,0,0,0,0,0
674,162,0,63,0,3,3,0,0,0,0,0
675,163,0,63,0,3,3,0,0,0,0,0
676,164,0,63,0,3,3,0,0,0,0,0
677,165,0,63,0,3,3,0,0,0,0,0
678,166,0,63,0,3,3,0,0,0,0,0
679,167,0,63,0,3,3,0,0,0,0,0
680,168,0,63,0,3,3,0,0,0,0,0
681,169,0,63,0,3,3,0,0,0,0,0
682,170,0,63,0,3,3,0,0,0,0,0
683,171,0,63,0,3,3,0,0,0,0,0
684,172,0,63,0,3,3,0,0,0,0,0
685,173,0,63,0,3,3,0,0,0,0,0
686,174,0,63,0,3,3,0,0,0,0,0
687,175,0,63,0,3,3,0,0,0,0,0
688,176,0,63,0,3,3,0,0,0,0,0
689,177,0,63,0,3,3,0,0,0,0,0
690,178,0,63,0,3,3,0,0,0,0,0
691,179,0,63,0,3,3,0,0,0,0,0
692,180,0,63,0,3,3,0,0,0,0,0
693,181,0,63,0,3,3,0,0,0,0,0
694,182,0,63,0,3,3,0,0,0,0,0
695,183,0,63,0,3,3,0,0,0,0,0
696,184,0,63,0,3,3,0,0,0,0,0
697,185,0,63,0,3,3,0,0,0,0,0
698,186,0,63,0,3,3,0,0,0,0,0
699,187,0,63,0,3,3,0,0,0,0,0
700,188,0,63,0,3,3,0,0,0,0,0
701,189,0,63,0,3,3,0,0,0,0,0
702,190,0,63,0,3,3,0,0,0,0,0
703,191,0,63,0,3,3,0,0,0,0,0
704,192,0,63,0,3,3,0,0,0,0,0
705,193,0,63,0,3,3,0,0,0,0,0
706,194,0,63,0,3,3,0,0,0,0,0
707,195,0,63,0,3,3,0,0,0,0,0
708,196,0,63,0,3,3,0,0,0,0,0
709,197,0,63,0,3,3,0,0,0,0,0
710,198,0,63,0,3,3,0,0,0,0,0
711,199,0,63,0,3,3,0,0,0,0,0
712,200,0,63,0,3,3,0,0,0,0,0
713,201,0,63,0,3,3,0,0,0,0,0
714,202,0,63,0,3,3,0,0,0,0,0
715,203,0,63,0,3,3,0,0,0,0,0
716,204,0,63,0,3,3,0,0,0,0,0
717,205,0,63,0,3,3,0,0,0,0,0
718,206,0,63,0,3,3,0,0,0,0,0
719,207,0,63,0,3,3,0,0,0,0,0
720,208,0,63,0,3,3,0,0,0,0,0
721,209,0,63,0,3,3,0,0,0,0,0
722,210,0,63,0,3,3,0,0,0,0,0
723,211,0,63,0,3,3,0,0,0,0,0
724,212,0,63,0,3,3,0,0,0,0,0
725,213,0,63,0,3,3,0,0,0,0,0
726,214,0,63,0,3,3,0,0,0,0,0
727,215,0,63,0,3,3,0,0,0,0,0
728,216,0,63,0,3,3,0,0,0,0,0
729,217,0,63,0,3,3,0,0,0,0,0
730,218,0,63,0,3,3,0,0,0,0,0
731,219,0,63,0,3,3,0,0,0,0,0
732,220,0,63,0,3,3,0,0,0,0,0
733,221,0,63,0,3,3,0,0,0,0,0
734,222,0,63,0,3,3,0,0,0,0,0
735,223,0,63,0,3,3,0,0,0,0,0
736,224,0,63,0,3,3,0,0,0,0,0
737,225,0,63,0,3,3,0,0,0,0,0
738,226,0,63,0,3,3,0,0,0,0,0
739,227,0,63,0,3,3,0,0,0,0,0
740,228,0,63,0,3,3,0,0,0,0,0
741,229,0,63,0,3,3,0,0,0,0,0
742,230,0,63,0,3,3,0,0,0,0,0
743,231,0,63,0,3,3,0,0,0,0,0
744,232,0,63,0,3,3,0,0,0,0,0
745,233,0,63,0,3,3,0,0,0,0,0
746,234,0,63,0,3,3,0,0,0,0,0
747,235,0,63,0,3,3,0,0,0,0,0
748,236,0,63,0,3,3,0,0,0,0,0
749,237,0,63,0,3,3,0,0,0,0,0
750,238,0,63,0,3,3,0,0,0,0,0
751,239,0,63,0,3,3,0,0,0,0,0
752,240,0,63,0,3,3,0,0,0,0,0
753,241,0,63,0,3,3,0,0,0,0,0
754,242,0,63,0,3,3,0,0,0,0,0
755,243,0,63,0,3,3,0,0,0,0,0
756,244,0,63,0,3,3,0,0,0,0,0
757,245,0,63,0,3,3,0,0,0,0,0
758,246,0,63,0,3,3,0,0,0,0,0
759,247,0,63,0,3,3,0,0,0,0,0
760,248,0,63,0,3,3,0,0,0,0,0
761,249,0,63,0,3,3,0,0,0,0,0
762,250,0,63,0,3,3,0,0,0,0,0
763,251,0,63,0,3,3,0,0,0,0,0
764,252,0,63,0,3,3,0,0,0,0,0
765,253,0,63,0,3,3,0,0,0,0,0
766,254,0,63,0,3,3,0,0,0,0,0
767,255,0,63,0,3,3,0,0,0,0,0
768,0,0,63,0,3,3,0,0,0,0,0
769,1,0,63,0,3,3,0,0,0,0,0
770,2,0,63,0,3,3,0,0,0,0,0
771,3,0,63,0,3,3,0,0,0,0,0
772,4,0,63,0,3,3,0,0,0,0,0
773,5,0,63,0,3,3,0,0,0,0,0
774,6,0,63,0,3,3,0,0,0,0,0
775,7,0,63,0,3,3,0,0,0,0,0
776,8,0,63,0,3,3,0,0,0,0,0
777,9,0,63,0,3,3,0,0,0,0,0
778,10,0,63,0,3,3,0,0,0,0,0
779,11,0,63,0,3,3,0,0,0,0,0
780,12,0,63,0,3,3,0,0,0,0,0
781,13,0,63,0,3,3,0,0,0,0,0
782,14,0,63,0,3,3,0,0,0,0,0
783,15,0,63,0,3,3,0,0,0,0,0
784,16,0,63,0,3,3,0,0,0,0,0
785,17,0,63,0,3,3,0,0,0,0,0
786,18,0,63,0,3,3,0,0,0,0,0
787,19,0,63,0,3,3,0,0,0,0,0
788,20,1,63,0,3,3,1,0,0,0,0
789,21,0,63,0,3,3,1,0,0,0,0
790,22,0,63,0,3,3,1,0,0,0,0
791,23,0,63,0,3,3,1,0,0,0,0
792,24,0,63,0,3,3,1,0,0,0,0
793,25,0,63,0,3,3,1,0,0,0,0
794,26,0,63,0,3,3,1,0,0,0,0
795,27,0,63,0,3,3,1,0,0,0,0
796,28,0,63,0,3,3,1,0,0,0,0
797,29,0,63,0,3,3,1,0,0,0,0
798,30,0,63,0,3,3,1,0,0,0,0
799,31,0,63,0,3,3,1,0,0,0,0
800,32,0,63,0,3,3,1,0,0,0,0
801,33,0,63,0,3,3,1,0,0,0,0
802,34,0,63,0,3,3,1,0,0,0,0
803,35,0,63,0,3,3,1,0,0,0,0
804,36,0,63,0,3,3,1,0,0,0,0
805,37,0,63,0,3,3,1,0,0,0,0
806,38,0,63,0,3,3,1,0,0,0,0
807,39,0,63,0,3,3,1,0,0,0,0
808,40,0,63,0,3,3,1,0,0,0,0
809,41,0,63,0,3,3,1,0,0,0,0
810,42,0,63,0,3,3,1,0,0,0,0
811,43,0,63,0,3,3,1,0,0,0,0
812,44,0,63,0,3,3,1,0,0,0,0
813,45,0,63,0,3,3,1,0,0,0,0
814,46,0,63,0,3,3,1,0,0,0,0
815,47,0,63,0,3,3,1,0,0,0,0
816,48,0,63,0,3,3,1,0,0,0,0
817,49,0,63,0,3,3,1,0,0,0,0
818,50,0,63,0,3,3,1,0,0,0,0
819,51,0,63,0,3,3,1,0,0,0,0
820,52,0,63,0,3,3,1,0,0,0,0
821,53,0,63,0,3,3,1,0,0,0,0
822,54,0,63,0,3,3,1,0,0,0,0
823,55,0,63,0,3,3,1,0,0,0,0
824,56,0,63,0,3,3,1,0,0,0,0
825,57,0,63,0,3,3,1,0,0,0,0
826,58,0,63,0,3,3,1,0,0,0,0
827,59,0,63,0,3,3,1,0,0,0,0
828,60,0,63,0,3,3,1,0,0,0,0
829,61,0,63,0,3,3,1,0,0,0,0
830,62,0,63,0,3,3,1,0,0,0,0
831,63,0,63,0,3,3,1,0,0,0,0
832,64,0,63,0,3,3,1,0,0,0,0
833,65,0,63,0,3,3,1,0,0,0,0
834,66,0,63,0,3,3,1,0,0,0,0
835,67,0,63,0,3,3,1,0,0,0,0
836,68,0,63,0,3,3,1,0,0,0,0
837,69,0,63,0,3,3,1,0,0,0,0
838,70,0,63,0,3,3,1,0,0,0,0
839,71,0,63,0,3,3,1,0,0,0,0
840,72,0,63,0,3,3,1,0,0,0,0
841,73,0,63,0,3,3,1,0,0,0,0
842,74,0,63,0,3,3,1,0,0,0,0
843,75,0,63,0,3,3,1,0,0,0,0
844,76,0,63,0,3,3,1,0,0,0,0
845,77,0,63,0,3,3,1,0,0,0,0
846,78,0,63,0,3,3,1,0,0,0,0
847,79,0,63,0,3,3,1,0,0,0,0
848,80,0,63,0,3,3,1,0,0,0,0
849,81,0,63,0,3,3,1,0,0,0,0
850,82,0,63,0,3,3,1,0,0,0,0
851,83,0,63,0,3,3,1,0,0,0,0
852,84,0,63,0,3,3,1,0,0,0,0
853,85,0,63,0,3,3,1,0,0,0,0
854,86,0,63,0,3,3,1,0,0,0,0
855,87,0,63,0,3,3,1,0,0,0,0
856,88,0,63,0,3,3,1,0,0,0,0
857,89,0,63,0,3,3,1,0,0,0,0
858,90,0,63,0,3,3,1,0,0,0,0
859,91,0,63,0,3,3,1,0,0,0,0
860,92,0,63,0,3,3,1,0,0,0,0
861,93,0,63,0,3,3,1,0,0,0,0
862,94,0,63,0,3,3,1,0,0,0,0
863,95,0,63,0,3,3,1,0,0,0,0
864,96,0,63,0,3,3,1,0,0,0,0
865,97,0,63,0,3,3,1,0,0,0,0
866,98,0,63,0,3,3,1,0,0,0,0
867,99,0,63,0,3,3,1,0,0,0,0
868,100,0,63,0,3,3,1,0,0,0,0
869,101,0,63,0,3,3,1,0,0,0,0
870,102,0,63,0,3,3,1,0,0,0,0
871,103,0,63,0,3,3,1,0,0,0,0
872,104,0,63,0,3,3,1,0,0,0,0
873,105,0,63,0,3,3,1,0,0,0,0
874,106,0,63,0,3,3,1,0,0,0,0
875,107,0,63,0,3,3,1,0,0,0,0
876,108,0,63,0,3,3,1,0,0,0,0
877,109,0,63,0,3,3,1,0,0,0,0
878,110,0,63,0,3,3,1,0,0,0,0
879,111,0,63,0,3,3,1,0,0,0,0
880,112,0,63,0,3,3,1,0,0,0,0
881,113,0,63,0,3,3,1,0,0,0,0
882,114,0,63,0,3,3,1,0,0,0,0
883,115,0,63,0,3,3,1,0,0,0,0
884,116,0,63,0,3,3,1,0,0,0,0
885,117,0,63,0,3,3,1,0,0,0,0
886,118,0,63,0,3,3,1,0,0,0,0
887,119,0,63,0,3,3,1,0,0,0,0
888,120,0,63,0,3,3,1,0,0,0,0
889,121,0,63,0,3,3,1,0,0,0,0
890,122,0,63,0,3,3,1,0,0,0,0
891,123,0,63,0,3,3,1,0,0,0,0
892,124,0,63,0,3,3,1,0,0,0,0
893,125,0,63,0,3,3,1,0,0,0,0
894,126,0,63,0,3,3,1,0,0,0,0
895,127,0,63,0,3,3,1,0,0,0,0
896,128,0,63,0,3,3,1,0,0,0,0
897,129,0,63,0,3,3,1,0,0,0,0
898,130,0,63,0,3,3,1,0,0,0,0
899,131,0,63,0,3,3,1,0,0,0,0
900,132,0,63,0,3,3,1,0,0,0,0
901,133,0,63,0,3,3,1,0,0,0,0
902,134,0,63,0,3,3,1,0,0,0,0
903,135,0,63,0,3,3,1,0,0,0,0
904,136,0,63,0,3,3,1,0,0,0,0
905,137,0,63,0,3,3,1,0,0,0,0
906,138,0,63,0,3,3,1,0,0,0,0
907,139,0,63,0,3,3,1,0,0,0,0
908,140,0,63,0,3,3,1,0,0,0,0
909,141,0,63,0,3,3,1,0,0,0,0
910,142,0,63,0,3,3,1,0,0,0,0
911,143,0,63,0,3,3,1,0,0,0,0
912,144,0,63,0,3,3,1,0,0,0,0
913,145,0,63,0,3,3,1,0,0,0,0
914,146,0,63,0,3,3,1,0,0,0,0
915,147,0,63,0,3,3,1,0,0,0,0
916,148,0,63,0,3,3,1,0,0,0,0
917,149,0,63,0,3,3,1,0,0,0,0
918,150,0,63,0,3,3,1,0,0,0,0
919,151,0,63,0,3,3,1,0,0,0,0
920,152,0,63,0,3,3,1,0,0,0,0
921,153,0,63,0,3,3,1,0,0,0,0
922,154,0,63,0,3,3,1,0,0,0,0
923,155,0,63,0,3,3,1,0,0,0,0
924,156,0,63,0,3,3,1,0,0,0,0
925,157,0,63,0,3,3,1,0,0,0,0
926,158,0,63,0,3,3,1,0,0,0,0
927,159,0,63,0,3,3,1,0,0,0,0
928,160,0,63,0,3,3,1,0,0,0,0
929,161,0,63,0,3,3,1,0,0,0,0
930,162,0,63,0,3,3,1,0,0,0,0
931,163,0,63,0,3,3,1,0,0,0,0
932,164,0,63,0,3,3,1,0,0,0,0
933,165,0,63,0,3,3,1,0,0,0,0
934,166,0,63,0,3,3,0,0,0,0,0
935,167,0,63,0,3,3,0,0,0,0,0
936,168,0,63,0,3,3,0,0,0,0,0
937,169,0,63,0,3,3,0,0,0,0,0
938,170,0,63,0,3,3,0,0,0,0,0
939,171,0,63,0,3,3,0,0,0,0,0
940,172,0,63,0,3,3,0,0,0,0,0
941,173,0,63,0,3,3,0,0,0,0,0
942,174,0,63,0,3,3,0,0,0,0,0
943,175,0,63,0,3,3,0,0,0,0,0
944,176,0,63,0,3,3,0,0,0,0,0
945,177,0,63,0,3,3,0,0,0,0,0
946,178,0,63,0,3,3,0,0,0,0,0
947,179,0,63,0,3,3,0,0,0,0,0
948,180,0,63,0,3,3,0,0,0,0,0
949,181,0,63,0,3,3,0,0,0,0,0
950,182,0,63,0,3,3,0,0,0,0,0
951,183,0,63,0,3,3,0,0,0,0,0
952,184,0,63,0,3,3,0,0,0,0,0
953,185,0,63,0,3,3,0,0,0,0,0
954,186,0,63,0,3,3,0,0,0,0,0
955,187,0,63,0,3,3,0,0,0,0,0
956,188,0,63,0,3,3,0,0,0,0,0
957,189,0,63,0,3,3,0,0,0,0,0
958,190,0,63,0,3,3,0,0,0,0,0
959,191,0,63,0,3,3,0,0,0,0,0
960,192,0,63,0,3,3,0,0,0,0,0
961,193,0,63,0,3,3,0,0,0,0,0
962,194,0,63,0,3,3,0,0,0,0,0
963,195,0,63,0,3,3,0,0,0,0,0
964,196,0,63,0,3,3,0,0,0,0,0
965,197,0,63,0,3,3,0,0,0,0,0
966,198,0,63,0,3,3,0,0,0,0,0
967,199,0,63,0,3,3,0,0,0,0,0
968,200,0,63,0,3,3,0,0,0,0,0
969,201,0,63,0,3,3,0,0,0,0,0
970,202,0,63,0,3,3,0,0,0,0,0
971,203,0,63,0,3,3,0,0,0,0,0
972,204,0,63,0,3,3,0,0,0,0,0
973,205,0,63,0,3,3,0,0,0,0,0
974,206,0,63,0,3,3,0,0,0,0,0
975,207,0,63,0,3,3,0,0,0,0,0
976,208,0,63,0,3,3,0,0,0,0,0
977,209,0,63,0,3,3,0,0,0,0,0
978,210,0,63,0,3,3,0,0,0,0,0
979,211,0,63,0,3,3,0,0,0,0,0
980,212,0,63,0,3,3,0,0,0,0,0
981,213,0,63,0,3,3,0,0,0,0,0
982,214,0,63,0,3,3,0,0,0,0,0
983,215,0,63,0,3,3,0,0,0,0,0
984,216,0,63,0,3,3,0,0,0,0,0
985,217,0,63,0,3,3,0,0,0,0,0
986,218,0,63,0,3,3,0,0,0,0,0
987,219,0,63,0,3,3,0,0,0,0,0
988,220,0,63,0,3,3,0,0,0,0,0
989,221,0,63,0,3,3,0,0,0,0,0
990,222,0,63,0,3,3,0,0,0,0,0
991,223,0,63,0,3,3,0,0,0,0,0
992,224,0,63,0,3,3,0,0,0,0,0
993,225,0,63,0,3,3,0,0,0,0,0
994,226,0,63,0,3,3,0,0,0,0,0
995,227,0,63,0,3,3,0,0,0,0,0
996,228,0,63,0,3,3,0,0,0,0,0
997,229,0,63,0,3,3,0,0,0,0,0
998,230,0,63,0,3,3,0,0,0,0,0
999,231,0,63,0,3,3,0,0,0,0,0
1000,232,0,63,0,3,3,0,0,0,0,0
1001,233,0,63,0,3,3,0,0,0,0,0
1002,234,0,63,0,3,3,0,0,0,0,0
1003,235,0,63,0,3,3,0,0,0,0,0
1004,236,0,63,0,3,3,0,0,0,0,0
1005,237,0,63,0,3,3,0,0,0,0,0
1006,238,0,63,0,3,3,0,0,0,0,0
1007,239,0,63,0,3,3,0,0,0,0,0
1008,240,0,63,0,3,3,0,0,0,0,0
1009,241,0,63,0,3,3,0,0,0,0,0
1010,242,0,63,0,3,3,0,0,0,0,0
1011,243,0,63,0,3,3,0,0,0,0,0
1012,244,0,63,0,3,3,0,0,0,0,0
1013,245,0,63,0,3,3,0,0,0,0,0
1014,246,0,63,0,3,3,0,0,0,0,0
1015,247,0,63,0,3,3,0,0,0,0,0
1016,248,0,63,0,3,3,0,0,0,0,0
1017,249,0,63,0,3,3,0,0,0,0,0
1018,250,0,63,0,3,3,0,0,0,0,0
1019,251,0,63,0,3,3,0,0,0,0,0
1020,252,0,63,0,3,3,0,0,0,0,0
1021,253,0,63,0,3,3,0,0,0,0,0
1022,254,0,63,0,3,3,0,0,0,0,0
1023,255,0,63,0,3,3,0,0,0,0,0
1024,0,0,63,0,3,7,0,0,0,0,0
1025,1,0,63,0,3,7,0,0,0,0,0
1026,2,0,63,0,3,7,0,0,0,0,0
1027,3,0,63,0,3,7,0,0,0,0,0
1028,4,0,63,0,3,7,0,0,0,0,0
1029,5,0,63,0,3,7,0,0,0,0,0
1030,6,0,63,0,3,7,0,0,0,0,0
1031,7,0,63,0,3,7,0,0,0,0,0
1032,8,0,63,0,3,7,0,0,0,0,0
1033,9,0,63,0,3,7,0,0,0,0,0
1034,10,0,63,0,3,7,0,0,0,0,0
1035,11,0,63,0,3,7,0,0,0,0,0
1036,12,0,63,0,3,7,0,0,0,0,0
1037,13,0,63,0,3,7,0,0,0,0,0
1038,14,0,63,0,3,7,0,0,0,0,0
1039,15,0,63,0,3,7,0,0,0,0,0
1040,16,0,63,0,3,7,0,0,0,0,0
1041,17,0,63,0,3,7,0,0,0,0,0
1042,18,0,63,0,3,7,0,0,0,0,0
1043,19,0,63,0,3,7,0,0,0,0,0
1044,20,1,63,0,3,7,1,0,0,0,0
1045,21,0,63,0,3,7,1,0,0,0,0
1046,22,0,63,0,3,7,1,0,0,0,0
1047,23,0,63,0,3,7,1,0,0,0,0
1048,24,0,63,0,3,7,1,0,0,0,0
1049,25,0,63,0,3,7,1,0,0,0,0
1050,26,0,63,0,3,7,1,0,0,0,0
1051,27,0,63,0,3,7,1,0,0,0,0
1052,28,0,63,0,3,7,1,0,0,0,0
1053,29,0,63,0,3,7,1,0,0,0,0
1054,30,0,63,0,3,7,1,0,0,0,0
1055,31,0,63,0,3,7,1,0,0,0,0
1056,32,0,63,0,3,7,1,0,0,0,0
1057,33,0,63,0,3,7,1,0,0,0,0
1058,34,0,63,0,3,7,1,0,0,0,0
1059,35,0,63,0,3,7,1,0,0,0,0
1060,36,0,63,0,3,7,1,0,0,0,0
1061,37,0,63,0,3,7,1,0,0,0,0
1062,38,0,63,0,3,7,1,0,0,0,0
1063,39,0,63,0,3,7,1,0,0,0,0
1064,40,0,63,0,3,7,1,0,0,0,0
1065,41,0,63,0,3,7,1,0,0,0,0
1066,42,0,63,0,3,7,1,0,0,0,0
1067,43,0,63,0,3,7,1,0,0,0,0
1068,44,0,63,0,3,7,1,0,0,0,0
1069,45,0,63,0,3,7,1,0,0,0,0
1070,46,0,63,0,3,7,1,0,0,0,0
1071,47,0,63,0,3,7,1,0,0,0,0
1072,48,0,63,0,3,7,1,0,0,0,0
1073,49,0,63,0,3,7,1,0,0,0,0
1074,50,0,63,0,3,7,1,0,0,0,0
1075,51,0,63,0,3,7,1,0,0,0,0
1076,52,0,63,0,3,7,1,0,0,0,0
1077,53,0,63,0,3,7,1,0,0,0,0
1078,54,0,63,0,3,7,1,0,0,0,0
1079,55,0,63,0,3,7,1,0,0,0,0
1080,56,0,63,0,3,7,1,0,0,0,0
1081,57,0,63,0,3,7,1,0,0,0,0
1082,58,0,63,0,3,7,1,0,0,0,0
1083,59,0,63,0,3,7,1,0,0,0,0
1084,60,0,63,0,3,7,1,0,0,0,0
1085,61,0,63,0,3,7,1,0,0,0,0
1086,62,0,63,0,3,7,1,0,0,0,0
1087,63,0,63,0,3,7,1,0,0,0,0
1088,64,0,63,0,3,7,1,0,0,0,0
1089,65,0,63,0,3,7,1,0,0,0,0
1090,66,0,63,0,3,7,1,0,0,0,0
1091,67,0,63,0,3,7,1,0,0,0,0
1092,68,0,63,0,3,7,1,0,0,0,0
1093,69,0,63,0,3,7,1,0,0,0,0
1094,70,0,63,0,3,7,1,0,0,0,0
1095,71,0,63,0,3,7,1,0,0,0,0
1096,72,0,63,0,3,7,1,0,0,0,0
1097,73,0,63,0,3,7,1,0,0,0,0
1098,74,0,63,0,3,7,1,0,0,0,0
1099,75,0,63,0,3,7,1,0,0,0,0
1100,76,0,63,0,3,7,1,0,0,0,0
1101,77,0,63,0,3,7,1,0,0,0,0
1102,78,0,63,0,3,7,1,0,0,0,0
1103,79,0,63,0,3,7,1,0,0,0,0
1104,80,0,63,0,3,7,1,0,0,0,0
1105,81,0,63,0,3,7,1,0,0,0,0
1106,82,0,63,0,3,7,1,0,0,0,0
1107,83,0,63,0,3,7,1,0,0,0,0
1108,84,0,63,0,3,7,1,0,0,0,0
1109,85,0,63,0,3,7,1,0,0,0,0
1110,86,0,63,0,3,7,1,0,0,0,0
1111,87,0,63,0,3,7,1,0,0,0,0
1112,88,0,63,0,3,7,1,0,0,0,0
1113,89,0,63,0,3,7,1,0,0,0,0
1114,90,0,63,0,3,7,1,0,0,0,0
1115,91,0,63,0,3,7,1,0,0,0,0
1116,92,0,63,0,3,7,1,0,0,0,0
1117,93,0,63,0,3,7,1,0,0,0,0
1118,94,0,63,0,3,7,1,0,0,0,0
1119,95,0,63,0,3,7,1,0,0,0,0
1120,96,0,63,0,3,7,1,0,0,0,0
1121,97,0,63,0,3,7,1,0,0,0,0
1122,98,0,63,0,3,7,1,0,0,0,0
1123,99,0,63,0,3,7,1,0,0,0,0
1124,100,0,63,0,3,7,1,0,0,0,0
1125,101,0,63,0,3,7,1,0,0,0,0
1126,102,0,63,0,3,7,1,0,0,0,0
1127,103,0,63,0,3,7,1,0,0,0,0
1128,104,0,63,0,3,7,1,0,0,0,0
1129,105,0,63,0,3,7,1,0,0,0,0
1130,106,0,63,0,3,7,1,0,0,0,0
1131,107,0,63,0,3,7,1,0,0,0,0
1132,108,0,63,0,3,7,1,0,0,0,0
1133,109,0,63,0,3,7,1,0,0,0,0
1134,110,0,63,0,3,7,1,0,0,0,0
1135,111,0,63,0,3,7,1,0,0,0,0
1136,112,0,63,0,3,7,1,0,0,0,0
1137,113,0,63,0,3,7,1,0,0,0,0
1138,114,0,63,0,3,7,1,0,0,0,0
1139,115,0,63,0,3,7,1,0,0,0,0
1140,116,0,63,0,3,7,1,0,0,0,0
1141,117,0,63,0,3,7,1,0,0,0,0
1142,118,0,63,0,3,7,1,0,0,0,0
1143,119,0,63,0,3,7,1,0,0,0,0
1144,120,0,63,0,3,7,1,0,0,0,0
1145,121,0,63,0,3,7,1,0,0,0,0
1146,122,0,63,0,3,7,1,0,0,0,0
1147,123,0,63,0,3,7,1,0,0,0,0
1148,124,0,63,0,3,7,1,0,0,0,0
1149,125,0,63,0,3,7,1,0,0,0,0
1150,126,0,63,0,3,7,1,0,0,0,0
1151,127,0,63,0,3,7,1,0,0,0,0
1152,128,0,63,0,3,7,1,0,0,0,0
1153,129,0,63,0,3,7,1,0,0,0,0
1154,130,0,63,0,3,7,1,0,0,0,0
1155,131,0,63,0,3,7,1,0,0,0,0
1156,132,0,63,0,3,7,1,0,0,0,0
1157,133,0,63,0,3,7,1,0,0,0,0
1158,134,0,63,0,3,7,1,0,0,0,0
1159,135,0,63,0,3,7,1,0,0,0,0
1160,136,0,63,0,3,7,1,0,0,0,0
1161,137,0,63,0,3,7,1,0,0,0,0
1162,138,0,63,0,3,7,1,0,0,0,0
1163,139,0,63,0,3,7,1,0,0,0,0
1164,140,0,63,0,3,7,1,0,0,0,0
1165,141,0,63,0,3,7,1,0,0,0,0
1166,142,0,63,0,3,7,1,0,0,0,0
1167,143,0,63,0,3,7,1,0,0,0,0
1168,144,0,63,0,3,7,1,0,0,0,0
1169,145,0,63,0,3,7,1,0,0,0,0
1170,146,0,63,0,3,7,1,0,0,0,0
1171,147,0,63,0,3,7,1,0,0,0,0
1172,148,0,63,0,3,7,1,0,0,0,0
1173,149,0,63,0,3,7,1,0,0,0,0
1174,150,0,63,0,3,7,1,0,0,0,0
1175,151,0,63,0,3,7,1,0,0,0,0
1176,152,0,63,0,3,7,1,0,0,0,0
1177,153,0,63,0,3,7,1,0,0,0,0
1178,154,0,63,0,3,7,1,0,0,0,0
1179,155,0,63,0,3,7,1,0,0,0,0
1180,156,0,63,0,3,7,1,0,0,0,0
1181,157,0,63,0,3,7,1,0,0,0,0
1182,158,0,63,0,3,7,1,0,0,0,0
1183,159,0,63,0,3,7,1,0,0,0,0
1184,160,0,63,0,3,7,1,0,0,0,0
1185,161,0,63,0,3,7,1,0,0,0,0
1186,162,0,63,0,3,7,1,0,0,0,0
1187,163,0,63,0,3,7,1,0,0,0,0
1188,164,0,63,0,3,7,1,0,0,0,0
1189,165,0,63,0,3,7,1,0,0,0,0
1190,166,0,63,0,3,7,1,0,0,0,0
1191,167,0,63,0,3,7,1,0,0,0,0
1192,168,0,63,0,3,7,1,0,0,0,0
1193,169,0,63,0,3,7,1,0,0,0,0
1194,170,0,63,0,3,7,1,0,0,0,0
1195,171,0,63,0,3,7,1,0,0,0,0
1196,172,0,63,0,3,7,1,0,0,0,0
1197,173,0,63,0,3,7,1,0,0,0,0
1198,174,0,63,0,3,7,0,0,0,0,0
1199,175,0,63,0,3,7,0,0,0,0,0
1200,176,0,63,0,3,7,0,0,0,0,0
1201,177,0,63,0,3,7,0,0,0,0,0
1202,178,0,63,0,3,7,0,0,0,0,0
1203,179,0,63,0,3,7,0,0,0,0,0
1204,180,0,63,0,3,7,0,0,0,0,0
1205,181,0,63,0,3,7,0,0,0,0,0
1206,182,0,63,0,3,7,0,0,0,0,0
1207,183,0,63,0,3,7,0,0,0,0,0
1208,184,0,63,0,3,7,0,0,0,0,0
1209,185,0,63,0,3,7,0,0,0,0,0
1210,186,0,63,0,3,7,0,0,0,0,0
1211,187,0,63,0,3,7,0,0,0,0,0
1212,188,0,63,0,3,7,0,0,0,0,0
1213,189,0,63,0,3,7,0,0,0,0,0
1214,190,0,63,0,3,7,0,0,0,0,0
1215,191,0,63,0,3,7,0,0,0,0,0
1216,192,0,63,0,3,7,0,0,0,0,0
1217,193,0,63,0,3,7,0,0,0,0,0
1218,194,0,63,0,3,7,0,0,0,0,0
1219,195,0,63,0,3,7,0,0,0,0,0
1220,196,0,63,0,3,7,0,0,0,0,0
1221,197,0,63,0,3,7,0,0,0,0,0
1222,198,0,63,0,3,7,0,0,0,0,0
1223,199,0,63,0,3,7,0,0,0,0,0
1224,200,0,63,0,3,7,0,0,0,0,0
1225,201,0,63,0,3,7,0,0,0,0,0
1226,202,0,63,0,3,7,0,0,0,0,0
1227,203,0,63,0,3,7,0,0,0,0,0
1228,204,0,63,0,3,7,0,0,0,0,0
1229,205,0,63,0,3,7,0,0,0,0,0
1230,206,0,63,0,3,7,0,0,0,0,0
1231,207,0,63,0,3,7,0,0,0,0,0
1232,208,0,63,0,3,7,0,0,0,0,0
1233,209,0,63,0,3,7,0,0,0,0,0
1234,210,0,63,0,3,7,0,0,0,0,0
1235,211,0,63,0,3,7,0,0,0,0,0
1236,212,0,63,0,3,7,0,0,0,0,0
1237,213,0,63,0,3,7,0,0,0,0,0
1238,214,0,63,0,3,7,0,0,0,0,0
1239,215,0,63,0,3,7,0,0,0,0,0
1240,216,0,63,0,3,7,0,0,0,0,0
1241,217,0,63,0,3,7,0,0,0,0,0
1242,218,0,63,0,3,7,0,0,0,0,0
1243,219,0,63,0,3,7,0,0,0,0,0
1244,220,0,63,0,3,7,0,0,0,0,0
1245,221,0,63,0,3,7,0,0,0,0,0
1246,222,0,63,0,3,7,0,0,0,0,0
1247,223,0,63,0,3,7,0,0,0,0,0
1248,224,0,63,0,3,7,0,0,0,0,0
1249,225,0,63,0,3,7,0,0,0,0,0
1250,226,0,63,0,3,7,0,0,0,0,0
1251,227,0,63,0,3,7,0,0,0,0,0
1252,228,0,63,0,3,7,0,0,0,0,0
1253,229,0,63,0,3,7,0,0,0,0,0
1254,230,0,63,0,3,7,0,0,0,0,0
1255,231,0,63,0,3,7,0,0,0,0,0
1256,232,0,63,0,3,7,0,0,0,0,0
1257,233,0,63,0,3,7,0,0,0,0,0
1258,234,0,63,0,3,7,0,0,0,0,0
1259,235,0,63,0,3,7,0,0,0,0,0
1260,236,0,63,0,3,7,0,0,0,0,0
1261,237,0,63,0,3,7,0,0,0,0,0
1262,238,0,63,0,3,7,0,0,0,0,0
1263,239,0,63,0,3,7,0,0,0,0,0
1264,240,0,63,0,3,7,0,0,0,0,0
1265,241,0,63,0,3,7,0,0,0,0,0
1266,242,0,63,0,3,7,0,0,0,0,0
1267,243,0,63,0,3,7,0,0,0,0,0
1268,244,0,63,0,3,7,0,0,0,0,0
1269,245,0,63,0,3,7,0,0,0,0,0
1270,246,0,63,0,3,7,0,0,0,0,0
1271,247,0,63,0,3,7,0,0,0,0,0
1272,248,0,63,0,3,7,0,0,0,0,0
1273,249,0,63,0,3,7,0,0,0,0,0
1274,250,0,63,0,3,7,0,0,0,0,0
1275,251,0,63,0,3,7,0,0,0,0,0
1276,252,0,63,0,3,7,0,0,0,0,0
1277,253,0,63,0,3,7,0,0,0,0,0
1278,254,0,63,0,3,7,0,0,0,0,0
1279,255,0,63,0,3,7,0,0,0,0,0
1280,0,0,63,0,3,7,0,0,0,0,0
1281,1,0,63,0,3,7,0,0,0,0,0
1282,2,0,63,0,3,7,0,0,0,0,0
1283,3,0,63,0,3,7,0,0,0,0,0
1284,4,0,63,0,3,7,0,0,0,0,0
1285,5,0,63,0,3,7,0,0,0,0,0
1286,6,0,63,0,3,7,0,0,0,0,0
1287,7,0,63,0,3,7,0,0,0,0,0
1288,8,0,63,0,3,7,0,0,0,0,0
1289,9,0,63,0,3,7,0,0,0,0,0
1290,10,0,63,0,3,7,0,0,0,0,0
1291,11,0,63,0,3,7,0,0,0,0,0
1292,12,0,63,0,3,7,0,0,0,0,0
1293,13,0,63,0,3,7,0,0,0,0,0
1294,14,0,63,0,3,7,0,0,0,0,0
1295,15,0,63,0,3,7,0,0,0,0,0
1296,16,0,63,0,3,7,0,0,0,0,0
1297,17,0,63,0,3,7,0,0,0,0,0
1298,18,0,63,0,3,7,0,0,0,0,0
1299,19,0,63,0,3,7,0,0,0,0,0
1300,20,1,63,0,3,7,1,0,0,0,0
1301,21,0,63,0,3,7,1,0,0,0,0
1302,22,0,63,0,3,7,1,0,0,0,0
1303,23,0,63,0,3,7,1,0,0,0,0
1304,24,0,63,0,3,7,1,0,0,0,0
1305,25,0,63,0,3,7,1,0,0,0,0
1306,26,0,63,0,3,7,1,0,0,0,0
1307,27,0,63,0,3,7,1,0,0,0,0
1308,28,0,63,0,3,7,1,0,0,0,0
1309,29,0,63,0,3,7,1,0,0,0,0
1310,30,0,63,0,3,7,1,0,0,0,0
1311,31,0,63,0,3,7,1,0,0,0,0
1312,32,0,63,0,3,7,1,0,0,0,0
1313,33,0,63,0,3,7,1,0,0,0,0
1314,34,0,63,0,3,7,1,0,0,0,0
1315,35,0,63,0,3,7,1,0,0,0,0
1316,36,0,63,0,3,7,1,0,0,0,0
1317,37,0,63,0,3,7,1,0,0,0,0
1318,38,0,63,0,3,7,1,0,0,0,0
1319,39,0,63,0,3,7,1,0,0,0,0
1320,40,0,63,0,3,7,1,0,0,0,0
1321,41,0,63,0,3,7,1,0,0,0,0
1322,42,0,63,0,3,7,1,0,0,0,0
1323,43,0,63,0,3,7,1,0,0,0,0
1324,44,0,63,0,3,7,1,0,0,0,0
1325,45,0,63,0,3,7,1,0,0,0,0
1326,46,0,63,0,3,7,1,0,0,0,0
1327,47,0,63,0,3,7,1,0,0,0,0
1328,48,0,63,0,3,7,1,0,0,0,0
1329,49,0,63,0,3,7,1,0,0,0,0
1330,50,0,63,0,3,7,1,0,0,0,0
1331,51,0,63,0,3,7,1,0,0,0,0
1332,52,0,63,0,3,7,1,0,0,0,0
1333,53,0,63,0,3,7,1,0,0,0,0
1334,54,0,63,0,3,7,1,0,0,0,0
1335,55,0,63,0,3,7,1,0,0,0,0
1336,56,0,63,0,3,7,1,0,0,0,0
1337,57,0,63,0,3,7,1,0,0,0,0
1338,58,0,63,0,3,7,1,0,0,0,0
1339,59,0,63,0,3,7,1,0,0,0,0
1340,60,0,63,0,3,7,1,0,0,0,0
1341,61,0,63,0,3,7,1,0,0,0,0
1342,62,0,63,0,3,7,1,0,0,0,0
1343,63,0,63,0,3,7,1,0,0,0,0
1344,64,0,63,0,3,7,1,0,0,0,0
1345,65,0,63,0,3,7,1,0,0,0,0
1346,66,0,63,0,3,7,1,0,0,0,0
1347,67,0,63,0,3,7,1,0,0,0,0
1348,68,0,63,0,3,7,1,0,0,0,0
1349,69,0,63,0,3,7,1,0,0,0,0
1350,70,0,63,0,3,7,1,0,0,0,0
1351,71,0,63,0,3,7,1,0,0,0,0
1352,72,0,63,0,3,7,1,0,0,0,0
1353,73,0,63,0,3,7,1,0,0,0,0
1354,74,0,63,0,3,7,1,0,0,0,0
1355,75,0,63,0,3,7,1,0,0,0,0
1356,76,0,63,0,3,7,1,0,0,0,0
1357,77,0,63,0,3,7,1,0,0,0,0
1358,78,0,63,0,3,7,1,0,0,0,0
1359,79,0,63,0,3,7,1,0,0,0,0
1360,80,0,63,0,3,7,1,0,0,0,0
1361,81,0,63,0,3,7,1,0,0,0,0
1362,82,0,63,0,3,7,1,0,0,0,0
1363,83,0,63,0,3,7,1,0,0,0,0
1364,84,0,63,0,3,7,1,0,0,0,0
1365,85,0,63,0,3,7,1,0,0,0,0
1366,86,0,63,0,3,7,1,0,0,0,0
1367,87,0,63,0,3,7,1,0,0,0,0
1368,88,0,63,0,3,7,1,0,0,0,0
1369,89,0,63,0,3,7,1,0,0,0,0
1370,90,0,63,0,3,7,1,0,0,0,0
1371,91,0,63,0,3,7,1,0,0,0,0
1372,92,0,63,0,3,7,1,0,0,0,0
1373,93,0,63,0,3,7,1,0,0,0,0
1374,94,0,63,0,3,7,1,0,0,0,0
1375,95,0,63,0,3,7,1,0,0,0,0
1376,96,0,63,0,3,7,1,0,0,0,0
1377,97,0,63,0,3,7,1,0,0,0,0
1378,98,0,63,0,3,7,1,0,0,0,0
1379,99,0,63,0,3,7,1,0,0,0,0
1380,100,0,63,0,3,7,1,0,0,0,0
1381,101,0,63,0,3,7,1,0,0,0,0
1382,102,0,63,0,3,7,1,0,0,0,0
1383,103,0,63,0,3,7,1,0,0,0,0
1384,104,0,63,0,3,7,1,0,0,0,0
1385,105,0,63,0,3,7,1,0,0,0,0
1386,106,0,63,0,3,7,1,0,0,0,0
1387,107,0,63,0,3,7,1,0,0,0,0
1388,108,0,63,0,3,7,1,0,0,0,0
1389,109,0,63,0,3,7,1,0,0,0,0
1390,110,0,63,0,3,7,1,0,0,0,0
1391,111,0,63,0,3,7,1,0,0,0,0
1392,112,0,63,0,3,7,1,0,0,0,0
1393,113,0,63,0,3,7,1,0,0,0,0
1394,114,0,63,0,3,7,1,0,0,0,0
1395,115,0,63,0,3,7,1,0,0,0,0
1396,116,0,63,0,3,7,1,0,0,0,0
1397,117,0,63,0,3,7,1,0,0,0,0
1398,118,0,63,0,3,7,1,0,0,0,0
1399,119,0,63,0,3,7,1,0,0,0,0
1400,120,0,63,0,3,7,1,0,0,0,0
1401,121,0,63,0,3,7,1,0,0,0,0
1402,122,0,63,0,3,7,1,0,0,0,0
1403,123,0,63,0,3,7,1,0,0,0,0
1404,124,0,63,0,3,7,1,0,0,0,0
1405,125,0,63,0,3,7,1,0,0,0,0
1406,126,0,63,0,3,7,1,0,0,0,0
1407,127,0,63,0,3,7,1,0,0,0,0
1408,128,0,63,0,3,7,1,0,0,0,0
1409,129,0,63,0,3,7,1,0,0,0,0
1410,130,0,63,0,3,7,1,0,0,0,0
1411,131,0,63,0,3,7,1,0,0,0,0
1412,132,0,63,0,3,7,1,0,0,0,0
1413,133,0,63,0,3,7,1,0,0,0,0
1414,134,0,63,0,3,7,1,0,0,0,0
1415,135,0,63,0,3,7,1,0,0,0,0
1416,136,0,63,0,3,7,1,0,0,0,0
1417,137,0,63,0,3,7,1,0,0,0,0
1418,138,0,63,0,3,7,1,0,0,0,0
1419,139,0,63,0,3,7,1,0,0,0,0
1420,140,0,63,0,3,7,1,0,0,0,0
1421,141,0,63,0,3,7,1,0,0,0,0
1422,142,0,63,0,3,7,1,0,0,0,0
1423,143,0,63,0,3,7,1,0,0,0,0
1424,144,0,63,0,3,7,1,0,0,0,0
1425,145,0,63,0,3,7,1,0,0,0,0
1426,146,0,63,0,3,7,1,0,0,0,0
1427,147,0,63,0,3,7,1,0,0,0,0
1428,148,0,63,0,3,7,1,0,0,0,0
1429,149,0,63,0,3,7,1,0,0,0,0
1430,150,0,63,0,3,7,1,0,0,0,0
1431,151,0,63,0,3,7,1,0,0,0,0
1432,152,0,63,0,3,7,1,0,0,0,0
1433,153,0,63,0,3,7,1,0,0,0,0
1434,154,0,63,0,3,7,1,0,0,0,0
1435,155,0,63,0,3,7,1,0,0,0,0
1436,156,0,63,0,3,7,1,0,0,0,0
1437,157,0,63,0,3,7,1,0,0,0,0
1438,158,0,63,0,3,7,1,0,0,0,0
1439,159,0,63,0,3,7,1,0,0,0,0
1440,160,0,63,0,3,7,1,0,0,0,0
1441,161,0,63,0,3,7,1,0,0,0,0
1442,162,0,63,0,3,7,0,0,0,0,0
1443,163,0,63,0,3,7,0,0,0,0,0
1444,164,0,63,0,3,7,0,0,0,0,0
1445,165,0,63,0,3,7,0,0,0,0,0
1446,166,0,63,0,3,7,0,0,0,0,0
1447,167,0,63,0,3,7,0,0,0,0,0
1448,168,0,63,0,3,7,0,0,0,0,0
1449,169,0,63,0,3,7,0,0,0,0,0
1450,170,0,63,0,3,7,0,0,0,0,0
1451,171,0,63,0,3,7,0,0,0,0,0
1452,172,0,63,0,3,7,0,0,0,0,0
1453,173,0,63,0,3,7,0,0,0,0,0
1454,174,0,63,0,3,7,0,0,0,0,0
1455,175,0,63,0,3,7,0,0,0,0,0
1456,176,0,63,0,3,7,0,0,0,0,0
1457,177,0,63,0,3,7,0,0,0,0,0
1458,178,0,63,0,3,7,0,0,0,0,0
1459,179,0,63,0,3,7,0,0,0,0,0
1460,180,0,63,0,3,7,0,0,0,0,0
1461,181,0,63,0,3,7,0,0,0,0,0
1462,182,0,63,0,3,7,0,0,0,0,0
1463,183,0,63,0,3,7,0,0,0,0,0
1464,184,0,63,0,3,7,0,0,0,0,0
1465,185,0,63,0,3,7,0,0,0,0,0
1466,186,0,63,0,3,7,0,0,0,0,0
1467,187,0,63,0,3,7,0,0,0,0,0
1468,188,0,63,0,3,7,0,0,0,0,0
1469,189,0,63,0,3,7,0,0,0,0,0
1470,190,0,63,0,3,7,0,0,0,0,0
1471,191,0,63,0,3,7,0,0,0,0,0
1472,192,0,63,0,3,7,0,0,0,0,0
1473,193,0,63,0,3,7,0,0,0,0,0
1474,194,0,63,0,3,7,0,0,0,0,0
1475,195,0,63,0,3,7,0,0,0,0,0
1476,196,0,63,0,3,7,0,0,0,0,0
1477,197,0,63,0,3,7,0,0,0,0,0
1478,198,0,63,0,3,7,0,0,0,0,0
1479,199,0,63,0,3,7,0,0,0,0,0
1480,200,0,63,0,3,7,0,0,0,0,0
1481,201,0,63,0,3,7,0,0,0,0,0
1482,202,0,63,0,3,7,0,0,0,0,0
1483,203,0,63,0,3,7,0,0,0,0,0
1484,204,0,63,0,3,7,0,0,0,0,0
1485,205,0,63,0,3,7,0,0,0,0,0
1486,206,0,63,0,3,7,0,0,0,0,0
1487,207,0,63,0,3,7,0,0,0,0,0
1488,208,0,63,0,3,7,0,0,0,0,0
1489,209,0,63,0,3,7,0,0,0,0,0
1490,210,0,63,0,3,7,0,0,0,0,0
1491,211,0,63,0,3,7,0,0,0,0,0
1492,212,0,63,0,3,7,0,0,0,0,0
1493,213,0,63,0,3,7,0,0,0,0,0
1494,214,0,63,0,3,7,0,0,0,0,0
1495,215,0,63,0,3,7,0,0,0,0,0
1496,216,0,63,0,3,7,0,0,0,0,0
1497,217,0,63,0,3,7,0,0,0,0,0
1498,218,0,63,0,3,7,0,0,0,0,0
1499,219,0,63,0,3,7,0,0,0,0,0
1500,220,0,63,0,3,7,0,0,0,0,0
1501,221,0,63,0,3,7,0,0,0,0,0
1502,222,0,63,0,3,7,0,0,0,0,0
1503,223,0,63,0,3,7,0,0,0,0,0
1504,224,0,63,0,3,7,0,0,0,0,0
1505,225,0,63,0,3,7,0,0,0,0,0
1506,226,0,63,0,3,7,0,0,0,0,0
1507,227,0,63,0,3,7,0,0,0,0,0
1508,228,0,63,0,3,7,0,0,0,0,0
1509,229,0,63,0,3,7,0,0,0,0,0
1510,230,0,63,0,3,7,0,0,0,0,0
1511,231,0,63,0,3,7,0,0,0,0,0
1512,232,0,63,0,3,7,0,0,0,0,0
1513,233,0,63,0,3,7,0,0,0,0,0
1514,234,0,63,0,3,7,0,0,0,0,0
1515,235,0,63,0,3,7,0,0,0,0,0
1516,236,0,63,0,3,7,0,0,0,0,0
1517,237,0,63,0,3,7,0,0,0,0,0
1518,238,0,63,0,3,7,0,0,0,0,0
1519,239,0,63,0,3,7,0,0,0,0,0
1520,240,0,63,0,3,7,0,0,0,0,0
1521,241,0,63,0,3,7,0,0,0,0,0
1522,242,0,63,0,3,7,0,0,0,0,0
1523,243,0,63,0,3,7,0,0,0,0,0
1524,244,0,63,0,3,7,0,0,0,0,0
1525,245,0,63,0,3,7,0,0,0,0,0
1526,246,0,63,0,3,7,0,0,0,0,0
1527,247,0,63,0,3,7,0,0,0,0,0
1528,248,0,63,0,3,7,0,0,0,0,0
1529,249,0,63,0,3,7,0,0,0,0,0
1530,250,0,63,0,3,7,0,0,0,0,0
1531,251,0,63,0,3,7,0,0,0,0,0
1532,252,0,63,0,3,7,0,0,0,0,0
1533,253,0,63,0,3,7,0,0,0,0,0
1534,254,0,63,0,3,7,0,0,0,0,0
1535,255,0,63,0,3,7,0,0,0,0,0
1536,0,0,63,0,3,7,0,0,0,0,0
1537,1,0,63,0,3,7,0,0,0,0,0
1538,2,0,63,0,3,7,0,0,0,0,0
1539,3,0,63,0,3,7,0,0,0,0,0
1540,4,0,63,0,3,7,0,0,0,0,0
1541,5,0,63,0,3,7,0,0,0,0,0
1542,6,0,63,0,3,7,0,0,0,0,0
1543,7,0,63,0,3,7,0,0,0,0,0
1544,8,0,63,0,3,7,0,0,0,0,0
1545,9,0,63,0,3,7,0,0,0,0,0
1546,10,0,63,0,3,7,0,0,0,0,0
1547,11,0,63,0,3,7,0,0,0,0,0
1548,12,0,63,0,3,7,0,0,0,0,0
1549,13,0,63,0,3,7,0,0,0,0,0
1550,14,0,63,0,3,7,0,0,0,0,0
1551,15,0,63,0,3,7,0,0,0,0,0
1552,16,0,63,0,3,7,0,0,0,0,0
1553,17,0,63,0,3,7,0,0,0,0,0
1554,18,0,63,0,3,7,0,0,0,0,0
1555,19,0,63,0,3,7,0,0,0,0,0
1556,20,1,63,0,3,7,1,0,0,0,0
1557,21,0,63,0,3,7,1,0,0,0,0
1558,22,0,63,0,3,7,1,0,0,0,0
1559,23,0,63,0,3,7,1,0,0,0,0
1560,24,0,63,0,3,7,1,0,0,0,0
1561,25,0,63,0,3,7,1,0,0,0,0
1562,26,0,63,0,3,7,1,0,0,0,0
1563,27,0,63,0,3,7,1,0,0,0,0
1564,28,0,63,0,3,7,1,0,0,0,0
1565,29,0,63,0,3,7,1,0,0,0,0
1566,30,0,63,0,3,7,1,0,0,0,0
1567,31,0,63,0,3,7,1,0,0,0,0
1568,32,0,63,0,3,7,1,0,0,0,0
1569,33,0,63,0,3,7,1,0,0,0,0
1570,34,0,63,0,3,7,1,0,0,0,0
1571,35,0,63,0,3,7,1,0,0,0,0
1572,36,0,63,0,3,7,1,0,0,0,0
1573,37,0,63,0,3,7,1,0,0,0,0
1574,38,0,63,0,3,7,1,0,0,0,0
1575,39,0,63,0,3,7,1,0,0,0,0
1576,40,0,63,0,3,7,1,0,0,0,0
1577,41,0,63,0,3,7,1,0,0,0,0
1578,42,0,63,0,3,7,1,0,0,0,0
1579,43,0,63,0,3,7,1,0,0,0,0
1580,44,0,63,0,3,7,1,0,0,0,0
1581,45,0,63,0,3,7,1,0,0,0,0
1582,46,0,63,0,3,7,1,0,0,0,0
1583,47,0,63,0,3,7,1,0,0,0,0
1584,48,0,63,0,3,7,1,0,0,0,0
1585,49,0,63,0,3,7,1,0,0,0,0
1586,50,0,63,0,3,7,1,0,0,0,0
1587,51,0,63,0,3,7,1,0,0,0,0
1588,52,0,63,0,3,7,1,0,0,0,0
1589,53,0,63,0,3,7,1,0,0,0,0
1590,54,0,63,0,3,7,1,0,0,0,0
1591,55,0,63,0,3,7,1,0,0,0,0
1592,56,0,63,0,3,7,1,0,0,0,0
1593,57,0,63,0,3,7,1,0,0,0,0
1594,58,0,63,0,3,7,1,0,0,0,0
1595,59,0,63,0,3,7,1,0,0,0,0
1596,60,0,63,0,3,7,1,0,0,0,0
1597,61,0,63,0,3,7,1,0,0,0,0
1598,62,0,63,0,3,7,1,0,0,0,0
1599,63,0,63,0,3,7,1,0,0,0,0
1600,64,0,63,0,3,7,1,0,0,0,0
1601,65,0,63,0,3,7,1,0,0,0,0
1602,66,0,63,0,3,7,1,0,0,0,0
1603,67,0,63,0,3,7,1,0,0,0,0
1604,68,0,63,0,3,7,1,0,0,0,0
1605,69,0,63,0,3,7,1,0,0,0,0
1606,70,0,63,0,3,7,1,0,0,0,0
1607,71,0,63,0,3,7,1,0,0,0,0
1608,72,0,63,0,3,7,1,0,0,0,0
1609,73,0,63,0,3,7,1,0,0,0,0
1610,74,0,63,0,3,7,1,0,0,0,0
1611,75,0,63,0,3,7,1,0,0,0,0
1612,76,0,63,0,3,7,1,0,0,0,0
1613,77,0,63,0,3,7,1,0,0,0,0
1614,78,0,63,0,3,7,1,0,0,0,0
1615,79,0,63,0,3,7,1,0,0,0,0
1616,80,0,63,0,3,7,1,0,0,0,0
1617,81,0,63,0,3,7,1,0,0,0,0
1618,82,0,63,0,3,7,1,0,0,0,0
1619,83,0,63,0,3,7,1,0,0,0,0
1620,84,0,63,0,3,7,1,0,0,0,0
1621,85,0,63,0,3,7,1,0,0,0,0
1622,86,0,63,0,3,7,1,0,0,0,0
1623,87,0,63,0,3,7,1,0,0,0,0
1624,88,0,63,0,3,7,1,0,0,0,0
1625,89,0,63,0,3,7,1,0,0,0,0
1626,90,0,63,0,3,7,1,0,0,0,0
1627,91,0,63,0,3,7,1,0,0,0,0
1628,92,0,63,0,3,7,1,0,0,0,0
1629,93,0,63,0,3,7,1,0,0,0,0
1630,94,0,63,0,3,7,1,0,0,0,0
1631,95,0,63,0,3,7,1,0,0,0,0
1632,96,0,63,0,3,7,1,0,0,0,0
1633,97,0,63,0,3,7,1,0,0,0,0
1634,98,0,63,0,3,7,1,0,0,0,0
1635,99,0,63,0,3,7,1,0,0,0,0
1636,100,0,63,0,3,7,1,0,0,0,0
1637,101,0,63,0,3,7,1,0,0,0,0
1638,102,0,63,0,3,7,1,0,0,0,0
1639,103,0,63,0,3,7,1,0,0,0,0
1640,104,0,63,0,3,7,1,0,0,0,0
1641,105,0,63,0,3,7,1,0,0,0,0
1642,106,0,63,0,3,7,1,0,0,0,0
1643,107,0,63,0,3,7,1,0,0,0,0
1644,108,0,63,0,3,7,1,0,0,0,0
1645,109,0,63,0,3,7,1,0,0,0,0
1646,110,0,63,0,3,7,1,0,0,0,0
1647,111,0,63,0,3,7,1,0,0,0,0
1648,112,0,63,0,3,7,1,0,0,0,0
1649,113,0,63,0,3,7,1,0,0,0,0
1650,114,0,63,0,3,7,1,0,0,0,0
1651,115,0,63,0,3,7,1,0,0,0,0
1652,116,0,63,0,3,7,1,0,0,0,0
1653,117,0,63,0,3,7,1,0,0,0,0
1654,118,0,63,0,3,7,1,0,0,0,0
1655,119,0,63,0,3,7,1,0,0,0,0
1656,120,0,63,0,3,7,1,0,0,0,0
1657,121,0,63,0,3,7,1,0,0,0,0
1658,122,0,63,0,3,7,1,0,0,0,0
1659,123,0,63,0,3,7,1,0,0,0,0
1660,124,0,63,0,3,7,1,0,0,0,0
1661,125,0,63,0,3,7,1,0,0,0,0
1662,126,0,63,0,3,7,1,0,0,0,0
1663,127,0,63,0,3,7,1,0,0,0,0
1664,128,0,63,0,3,7,1,0,0,0,0
1665,129,0,63,0,3,7,1,0,0,0,0
1666,130,0,63,0,3,7,1,0,0,0,0
1667,131,0,63,0,3,7,1,0,0,0,0
1668,132,0,63,0,3,7,1,0,0,0,0
1669,133,0,63,0,3,7,1,0,0,0,0
1670,134,0,63,0,3,7,1,0,0,0,0
1671,135,0,63,0,3,7,1,0,0,0,0
1672,136,0,63,0,3,7,1,0,0,0,0
1673,137,0,63,0,3,7,1,0,0,0,0
1674,138,0,63,0,3,7,1,0,0,0,0
1675,139,0,63,0,3,7,1,0,0,0,0
1676,140,0,63,0,3,7,1,0,0,0,0
1677,141,0,63,0,3,7,1,0,0,0,0
1678,142,0,63,0,3,7,1,0,0,0,0
1679,143,0,63,0,3,7,1,0,0,0,0
1680,144,0,63,0,3,7,1,0,0,0,0
1681,145,0,63,0,3,7,1,0,0,0,0
1682,146,0,63,0,3,7,1,0,0,0,0
1683,147,0,63,0,3,7,1,0,0,0,0
1684,148,0,63,0,3,7,1,0,0,0,0
1685,149,0,63,0,3,7,1,0,0,0,0
1686,150,0,63,0,3,7,1,0,0,0,0
1687,151,0,63,0,3,7,1,0,0,0,0
1688,152,0,63,0,3,7,1,0,0,0,0
1689,153,0,63,0,3,7,1,0,0,0,0
1690,154,0,63,0,3,7,1,0,0,0,0
1691,155,0,63,0,3,7,1,0,0,0,0
1692,156,0,63,0,3,7,1,0,0,0,0
1693,157,0,63,0,3,7,1,0,0,0,0
1694,158,0,63,0,3,7,0,0,0,0,0
1695,159,0,63,0,3,7,0,0,0,0,0
1696,160,0,63,0,3,7,0,0,0,0,0
1697,161,0,63,0,3,7,0,0,0,0,0
1698,162,0,63,0,3,7,0,0,0,0,0
1699,163,0,63,0,3,7,0,0,0,0,0
1700,164,0,63,0,3,7,0,0,0,0,0
1701,165,0,63,0,3,7,0,0,0,0,0
1702,166,0,63,0,3,7,0,0,0,0,0
1703,167,0,63,0,3,7,0,0,0,0,0
1704,168,0,63,0,3,7,0,0,0,0,0
1705,169,0,63,0,3,7,0,0,0,0,0
1706,170,0,63,0,3,7,0,0,0,0,0
1707,171,0,63,0,3,7,0,0,0,0,0
1708,172,0,63,0,3,7,0,0,0,0,0
1709,173,0,63,0,3,7,0,0,0,0,0
1710,174,0,63,0,3,7,0,0,0,0,0
1711,175,0,63,0,3,7,0,0,0,0,0
1712,176,0,63,0,3,7,0,0,0,0,0
1713,177,0,63,0,3,7,0,0,0,0,0
1714,178,0,63,0,3,7,0,0,0,0,0
1715,179,0,63,0,3,7,0,0,0,0,0
1716,180,0,63,0,3,7,0,0,0,0,0
1717,181,0,63,0,3,7,0,0,0,0,0
1718,182,0,63,0,3,7,0,0,0,0,0
1719,183,0,63,0,3,7,0,0,0,0,0
1720,184,0,63,0,3,7,0,0,0,0,0
1721,185,0,63,0,3,7,0,0,0,0,0
1722,186,0,63,0,3,7,0,0,0,0,0
1723,187,0,63,0,3,7,0,0,0,0,0
1724,188,0,63,0,3,7,0,0,0,0,0
1725,189,0,63,0,3,7,0,0,0,0,0
1726,190,0,63,0,3,7,0,0,0,0,0
1727,191,0,63,0,3,7,0,0,0,0,0
1728,192,0,63,0,3,7,0,0,0,0,0
1729,193,0,63,0,3,7,0,0,0,0,0
1730,194,0,63,0,3,7,0,0,0,0,0
1731,195,0,63,0,3,7,0,0,0,0,0
1732,196,0,63,0,3,7,0,0,0,0,0
1733,197,0,63,0,3,7,0,0,0,0,0
1734,198,0,63,0,3,7,0,0,0,0,0
1735,199,0,63,0,3,7,0,0,0,0,0
1736,200,0,63,0,3,7,0,0,0,0,0
1737,201,0,63,0,3,7,0,0,0,0,0
1738,202,0,63,0,3,7,0,0,0,0,0
1739,203,0,63,0,3,7,0,0,0,0,0
1740,204,0,63,0,3,7,0,0,0,0,0
1741,205,0,63,0,3,7,0,0,0,0,0
1742,206,0,63,0,3,7,0,0,0,0,0
1743,207,0,63,0,3,7,0,0,0,0,0
1744,208,0,63,0,3,7,0,0,0,0,0
1745,209,0,63,0,3,7,0,0,0,0,0
1746,210,0,63,0,3,7,0,0,0,0,0
1747,211,0,63,0,3,7,0,0,0,0,0
1748,212,0,63,0,3,7,0,0,0,0,0
1749,213,0,63,0,3,7,0,0,0,0,0
1750,214,0,63,0,3,7,0,0,0,0,0
1751,215,0,63,0,3,7,0,0,0,0,0
1752,216,0,63,0,3,7,0,0,0,0,0
1753,217,0,63,0,3,7,0,0,0,0,0
1754,218,0,63,0,3,7,0,0,0,0,0
1755,219,0,63,0,3,7,0,0,0,0,0
1756,220,0,63,0,3,7,0,0,0,0,0
1757,221,0,63,0,3,7,0,0,0,0,0
1758,222,0,63,0,3,7,0,0,0,0,0
1759,223,0,63,0,3,7,0,0,0,0,0
1760,224,0,63,0,3,7,0,0,0,0,0
1761,225,0,63,0,3,7,0,0,0,0,0
1762,226,0,63,0,3,7,0,0,0,0,0
1763,227,0,63,0,3,7,0,0,0,0,0
1764,228,0,63,0,3,7,0,0,0,0,0
1765,229,0,63,0,3,7,0,0,0,0,0
1766,230,0,63,0,3,7,0,0,0,0,0
1767,231,0,63,0,3,7,0,0,0,0,0
1768,232,0,63,0,3,7,0,0,0,0,0
1769,233,0,63,0,3,7,0,0,0,0,0
1770,234,0,63,0,3,7,0,0,0,0,0
1771,235,0,63,0,3,7,0,0,0,0,0
1772,236,0,63,0,3,7,0,0,0,0,0
1773,237,0,63,0,3,7,0,0,0,0,0
1774,238,0,63,0,3,7,0,0,0,0,0
1775,239,0,63,0,3,7,0,0,0,0,0
1776,240,0,63,0,3,7,0,0,0,0,0
1777,241,0,63,0,3,7,0,0,0,0,0
1778,242,0,63,0,3,7,0,0,0,0,0
1779,243,0,63,0,3,7,0,0,0,0,0
1780,244,0,63,0,3,7,0,0,0,0,0
1781,245,0,63,0,3,7,0,0,0,0,0
1782,246,0,63,0,3,7,0,0,0,0,0
1783,247,0,63,0,3,7,0,0,0,0,0
1784,248,0,63,0,3,7,0,0,0,0,0
1785,249,0,63,0,3,7,0,0,0,0,0
1786,250,0,63,0,3,7,0,0,0,0,0
1787,251,0,63,0,3,7,0,0,0,0,0
1788,252,0,63,0,3,7,0,0,0,0,0
1789,253,0,63,0,3,7,0,0,0,0,0
1790,254,0,63,0,3,7,0,0,0,0,0
1791,255,0,63,0,3,7,0,0,0,0,0
1792,0,0,63,0,3,7,0,0,0,0,0
1793,1,0,63,0,3,7,0,0,0,0,0
1794,2,0,63,0,3,7,0,0,0,0,0
1795,3,0,63,0,3,7,0,0,0,0,0
1796,4,0,63,0,3,7,0,0,0,0,0
1797,5,0,63,0,3,7,0,0,0,0,0
1798,6,0,63,0,3,7,0,0,0,0,0
1799,7,0,63,0,3,7,0,0,0,0,0
1800,8,0,63,0,3,7,0,0,0,0,0
1801,9,0,63,0,3,7,0,0,0,0,0
1802,10,0,63,0,3,7,0,0,0,0,0
1803,11,0,63,0,3,7,0,0,0,0,0
1804,12,0,63,0,3,7,0,0,0,0,0
1805,13,0,63,0,3,7,0,0,0,0,0
1806,14,0,63,0,3,7,0,0,0,0,0
1807,15,0,63,0,3,7,0,0,0,0,0
1808,16,0,63,0,3,7,0,0,0,0,0
1809,17,0,63,0,3,7,0,0,0,0,0
1810,18,0,63,0,3,7,0,0,0,0,0
1811,19,0,63,0,3,7,0,0,0,0,0
1812,20,1,63,0,3,7,1,0,0,0,0
1813,21,0,63,0,3,7,1,0,0,0,0
1814,22,0,63,0,3,7,1,0,0,0,0
1815,23,0,63,0,3,7,1,0,0,0,0
1816,24,0,63,0,3,7,1,0,0,0,0
1817,25,0,63,0,3,7,1,0,0,0,0
1818,26,0,63,0,3,7,1,0,0,0,0
1819,27,0,63,0,3,7,1,0,0,0,0
1820,28,0,63,0,3,7,1,0,0,0,0
1821,29,0,63,0,3,7,1,0,0,0,0
1822,30,0,63,0,3,7,1,0,0,0,0
1823,31,0,63,0,3,7,1,0,0,0,0
1824,32,0,63,0,3,7,1,0,0,0,0
1825,33,0,63,0,3,7,1,0,0,0,0
1826,34,0,63,0,3,7,1,0,0,0,0
1827,35,0,63,0,3,7,1,0,0,0,0
1828,36,0,63,0,3,7,1,0,0,0,0
1829,37,0,63,0,3,7,1,0,0,0,0
1830,38,0,63,0,3,7,1,0,0,0,0
1831,39,0,63,0,3,7,1,0,0,0,0
1832,40,0,63,0,3,7,1,0,0,0,0
1833,41,0,63,0,3,7,1,0,0,0,0
1834,42,0,63,0,3,7,1,0,0,0,0
1835,43,0,63,0,3,7,1,0,0,0,0
1836,44,0,63,0,3,7,1,0,0,0,0
1837,45,0,63,0,3,7,1,0,0,0,0
1838,46,0,63,0,3,7,1,0,0,0,0
1839,47,0,63,0,3,7,1,0,0,0,0
1840,48,0,63,0,3,7,1,0,0,0,0
1841,49,0,63,0,3,7,1,0,0,0,0
1842,50,0,63,0,3,7,1,0,0,0,0
1843,51,0,63,0,3,7,1,0,0,0,0
1844,52,0,63,0,3,7,1,0,0,0,0
1845,53,0,63,0,3,7,1,0,0,0,0
1846,54,0,63,0,3,7,1,0,0,0,0
1847,55,0,63,0,3,7,1,0,0,0,0
1848,56,0,63,0,3,7,1,0,0,0,0
1849,57,0,63,0,3,7,1,0,0,0,0
1850,58,0,63,0,3,7,1,0,0,0,0
1851,59,0,63,0,3,7,1,0,0,0,0
1852,60,0,63,0,3,7,1,0,0,0,0
1853,61,0,63,0,3,7,1,0,0,0,0
1854,62,0,63,0,3,7,1,0,0,0,0
1855,63,0,63,0,3,7,1,0,0,0,0
1856,64,0,63,0,3,7,1,0,0,0,0
1857,65,0,63,0,3,7,1,0,0,0,0
1858,66,0,63,0,3,7,1,0,0,0,0
1859,67,0,63,0,3,7,1,0,0,0,0
1860,68,0,63,0,3,7,1,0,0,0,0
1861,69,0,63,0,3,7,1,0,0,0,0
1862,70,0,63,0,3,7,1,0,0,0,0
1863,71,0,63,0,3,7,1,0,0,0,0
1864,72,0,63,0,3,7,1,0,0,0,0
1865,73,0,63,0,3,7,1,0,0,0,0
1866,74,0,63,0,3,7,1,0,0,0,0
1867,75,0,63,0,3,7,1,0,0,0,0
1868,76,0,63,0,3,7,1,0,0,0,0
1869,77,0,63,0,3,7,1,0,0,0,0
1870,78,0,63,0,3,7,1,0,0,0,0
1871,79,0,63,0,3,7,1,0,0,0,0
1872,80,0,63,0,3,7,1,0,0,0,0
1873,81,0,63,0,3,7,1,0,0,0,0
1874,82,0,63,0,3,7,1,0,0,0,0
1875,83,0,63,0,3,7,1,0,0,0,0
1876,84,0,63,0,3,7,1,0,0,0,0
1877,85,0,63,0,3,7,1,0,0,0,0
1878,86,0,63,0,3,7,1,0,0,0,0
1879,87,0,63,0,3,7,1,0,0,0,0
1880,88,0,63,0,3,7,1,0,0,0,0
1881,89,0,63,0,3,7,1,0,0,0,0
1882,90,0,63,0,3,7,1,0,0,0,0
1883,91,0,63,0,3,7,1,0,0,0,0
1884,92,0,63,0,3,7,1,0,0,0,0
1885,93,0,63,0,3,7,1,0,0,0,0
1886,94,0,63,0,3,7,1,0,0,0,0
1887,95,0,63,0,3,7,1,0,0,0,0
1888,96,0,63,0,3,7,1,0,0,0,0
1889,97,0,63,0,3,7,1,0,0,0,0
1890,98,0,63,0,3,7,1,0,0,0,0
1891,99,0,63,0,3,7,1,0,0,0,0
1892,100,0,63,0,3,7,1,0,0,0,0
1893,101,0,63,0,3,7,1,0,0,0,0
1894,102,0,63,0,3,7,1,0,0,0,0
1895,103,0,63,0,3,7,1,0,0,0,0
1896,104,0,63,0,3,7,1,0,0,0,0
1897,105,0,63,0,3,7,1,0,0,0,0
1898,106,0,63,0,3,7,1,0,0,0,0
1899,107,0,63,0,3,7,1,0,0,0,0
1900,108,0,63,0,3,7,1,0,0,0,0
1901,109,0,63,0,3,7,1,0,0,0,0
1902,110,0,63,0,3,7,1,0,0,0,0
1903,111,0,63,0,3,7,1,0,0,0,0
1904,112,0,63,0,3,7,1,0,0,0,0
1905,113,0,63,0,3,7,1,0,0,0,0
1906,114,0,63,0,3,7,1,0,0,0,0
1907,115,0,63,0,3,7,1,0,0,0,0
1908,116,0,63,0,3,7,1,0,0,0,0
1909,117,0,63,0,3,7,1,0,0,0,0
1910,118,0,63,0,3,7,1,0,0,0,0
1911,119,0,63,0,3,7,1,0,0,0,0
1912,120,0,63,0,3,7,1,0,0,0,0
1913,121,0,63,0,3,7,1,0,0,0,0
1914,122,0,63,0,3,7,1,0,0,0,0
1915,123,0,63,0,3,7,1,0,0,0,0
1916,124,0,63,0,3,7,1,0,0,0,0
1917,125,0,63,0,3,7,1,0,0,0,0
1918,126,0,63,0,3,7,1,0,0,0,0
1919,127,0,63,0,3,7,1,0,0,0,0
1920,128,0,63,0,3,7,1,0,0,0,0
1921,129,0,63,0,3,7,1,0,0,0,0
1922,130,0,63,0,3,7,1,0,0,0,0
1923,131,0,63,0,3,7,1,0,0,0,0
1924,132,0,63,0,3,7,1,0,0,0,0
1925,133,0,63,0,3,7,1,0,0,0,0
1926,134,0,63,0,3,7,1,0,0,0,0
1927,135,0,63,0,3,7,1,0,0,0,0
1928,136,0,63,0,3,7,1,0,0,0,0
1929,137,0,63,0,3,7,1,0,0,0,0
1930,138,0,63,0,3,7,1,0,0,0,0
1931,139,0,63,0,3,7,1,0,0,0,0
1932,140,0,63,0,3,7,1,0,0,0,0
1933,141,0,63,0,3,7,1,0,0,0,0
1934,142,0,63,0,3,7,1,0,0,0,0
1935,143,0,63,0,3,7,1,0,0,0,0
1936,144,0,63,0,3,7,1,0,0,0,0
1937,145,0,63,0,3,7,1,0,0,0,0
1938,146,0,63,0,3,7,1,0,0,0,0
1939,147,0,63,0,3,7,1,0,0,0,0
1940,148,0,63,0,3,7,1,0,0,0,0
1941,149,0,63,0,3,7,1,0,0,0,0
1942,150,0,63,0,3,7,1,0,0,0,0
1943,151,0,63,0,3,7,1,0,0,0,0
1944,152,0,63,0,3,7,1,0,0,0,0
1945,153,0,63,0,3,7,1,0,0,0,0
1946,154,0,63,0,3,7,1,0,0,0,0
1947,155,0,63,0,3,7,1,0,0,0,0
1948,156,0,63,0,3,7,1,0,0,0,0
1949,157,0,63,0,3,7,1,0,0,0,0
1950,158,0,63,0,3,7,1,0,0,0,0
1951,159,0,63,0,3,7,1,0,0,0,0
1952,160,0,63,0,3,7,1,0,0,0,0
1953,161,0,63,0,3,7,1,0,0,0,0
1954,162,0,63,0,3,7,0,0,0,0,0
1955,163,0,63,0,3,7,0,0,0,0,0
1956,164,0,63,0,3,7,0,0,0,0,0
1957,165,0,63,0,3,7,0,0,0,0,0
1958,166,0,63,0,3,7,0,0,0,0,0
1959,167,0,63,0,3,7,0,0,0,0,0
1960,168,0,63,0,3,7,0,0,0,0,0
1961,169,0,63,0,3,7,0,0,0,0,0
1962,170,0,63,0,3,7,0,0,0,0,0
1963,171,0,63,0,3,7,0,0,0,0,0
1964,172,0,63,0,3,7,0,0,0,0,0
1965,173,0,63,0,3,7,0,0,0,0,0
1966,174,0,63,0,3,7,0,0,0,0,0
1967,175,0,63,0,3,7,0,0,0,0,0
1968,176,0,63,0,3,7,0,0,0,0,0
1969,177,0,63,0,3,7,0,0,0,0,0
1970,178,0,63,0,3,7,0,0,0,0,0
1971,179,0,63,0,3,7,0,0,0,0,0
1972,180,0,63,0,3,7,0,0,0,0,0
1973,181,0,63,0,3,7,0,0,0,0,0
1974,182,0,63,0,3,7,0,0,0,0,0
1975,183,0,63,0,3,7,0,0,0,0,0
1976,184,0,63,0,3,7,0,0,0,0,0
1977,185,0,63,0,3,7,0,0,0,0,0
1978,186,0,63,0,3,7,0,0,0,0,0
1979,187,0,63,0,3,7,0,0,0,0,0
1980,188,0,63,0,3,7,0,0,0,0,0
1981,189,0,63,0,3,7,0,0,0,0,0
1982,190,0,63,0,3,7,0,0,0,0,0
1983,191,0,63,0,3,7,0,0,0,0,0
1984,192,0,63,0,3,7,0,0,0,0,0
1985,193,0,63,0,3,7,0,0,0,0,0
1986,194,0,63,0,3,7,0,0,0,0,0
1987,195,0,63,0,3,7,0,0,0,0,0
1988,196,0,63,0,3,7,0,0,0,0,0
1989,197,0,63,0,3,7,0,0,0,0,0
1990,198,0,63,0,3,7,0,0,0,0,0
1991,199,0,63,0,3,7,0,0,0,0,0
1992,200,0,63,0,3,7,0,0,0,0,0
1993,201,0,63,0,3,7,0,0,0,0,0
1994,202,0,63,0,3,7,0,0,0,0,0
1995,203,0,63,0,3,7,0,0,0,0,0
1996,204,0,63,0,3,7,0,0,0,0,0
1997,205,0,63,0,3,7,0,0,0,0,0
1998,206,0,63,0,3,7,0,0,0,0,0
1999,207,0,63,0,3,7,0,0,0,0,0
2000,208,0,63,0,3,7,0,0,0,0,0
2001,209,0,63,0,3,7,0,0,0,0,0
2002,210,0,63,0,3,7,0,0,0,0,0
2003,211,0,63,0,3,7,0,0,0,0,0
2004,212,0,63,0,3,7,0,0,0,0,0
2005,213,0,63,0,3,7,0,0,0,0,0
2006,214,0,63,0,3,7,0,0,0,0,0
2007,215,0,63,0,3,7,0,0,0,0,0
2008,216,0,63,0,3,7,0,0,0,0,0
2009,217,0,63,0,3,7,0,0,0,0,0
2010,218,0,63,0,3,7,0,0,0,0,0
2011,219,0,63,0,3,7,0,0,0,0,0
2012,220,0,63,0,3,7,0,0,0,0,0
2013,221,0,63,0,3,7,0,0,0,0,0
2014,222,0,63,0,3,7,0,0,0,0,0
2015,223,0,63,0,3,7,0,0,0,0,0
2016,224,0,63,0,3,7,0,0,0,0,0
2017,225,0,63,0,3,7,0,0,0,0,0
2018,226,0,63,0,3,7,0,0,0,0,0
2019,227,0,63,0,3,7,0,0,0,0,0
2020,228,0,63,0,3,7,0,0,0,0,0
2021,229,0,63,0,3,7,0,0,0,0,0
2022,230,0,63,0,3,7,0,0,0,0,0
2023,231,0,63,0,3,7,0,0,0,0,0
2024,232,0,63,0,3,7,0,0,0,0,0
2025,233,0,63,0,3,7,0,0,0,0,0
2026,234,0,63,0,3,7,0,0,0,0,0
2027,235,0,63,0,3,7,0,0,0,0,0
2028,236,0,63,0,3,7,0,0,0,0,0
2029,237,0,63,0,3,7,0,0,0,0,0
2030,238,0,63,0,3,7,0,0,0,0,0
2031,239,0,63,0,3,7,0,0,0,0,0
2032,240,0,63,0,3,7,0,0,0,0,0
2033,241,0,63,0,3,7,0,0,0,0,0
2034,242,0,63,0,3,7,0,0,0,0,0
2035,243,0,63,0,3,7,0,0,0,0,0
2036,244,0,63,0,3,7,0,0,0,0,0
2037,245,0,63,0,3,7,0,0,0,0,0
2038,246,0,63,0,3,7,0,0,0,0,0
2039,247,0,63,0,3,7,0,0,0,0,0
2040,248,0,63,0,3,7,0,0,0,0,0
2041,249,0,63,0,3,7,0,0,0,0,0
2042,250,0,63,0,3,7,0,0,0,0,0
2043,251,0,63,0,3,7,0,0,0,0,0
2044,252,0,63,0,3,7,0,0,0,0,0
2045,253,0,63,0,3,7,0,0,0,0,0
2046,254,0,63,0,3,7,0,0,0,0,0
2047,255,0,63,0,3,7,0,0,0,0,0
2048,0,0,63,0,3,11,0,0,0,0,0
2049,1,0,63,0,3,11,0,0,0,0,0
2050,2,0,63,0,3,11,0,0,0,0,0
2051,3,0,63,0,3,11,0,0,0,0,0
2052,4,0,63,0,3,11,0,0,0,0,0
2053,5,0,63,0,3,11,0,0,0,0,0
2054,6,0,63,0,3,11,0,0,0,0,0
2055,7,0,63,0,3,11,0,0,0,0,0
2056,8,0,63,0,3,11,0,0,0,0,0
2057,9,0,63,0,3,11,0,0,0,0,0
2058,10,0,63,0,3,11,0,0,0,0,0
2059,11,0,63,0,3,11,0,0,0,0,0
2060,12,0,63,0,3,11,0,0,0,0,0
2061,13,0,63,0,3,11,0,0,0,0,0
2062,14,0,63,0,3,11,0,0,0,0,0
2063,15,0,63,0,3,11,0,0,0,0,0
2064,16,0,63,0,3,11,0,0,0,0,0
2065,17,0,63,0,3,11,0,0,0,0,0
2066,18,0,63,0,3,11,0,0,0,0,0
2067,19,0,63,0,3,11,0,0,0,0,0
2068,20,1,63,0,3,11,1,0,0,0,0
2069,21,0,63,0,3,11,1,0,0,0,0
2070,22,0,63,0,3,11,1,0,0,0,0
2071,23,0,63,0,3,11,1,0,0,0,0
2072,24,0,63,0,3,11,1,0,0,0,0
2073,25,0,63,0,3,11,1,0,0,0,0
2074,26,0,63,0,3,11,1,0,0,0,0
2075,27,0,63,0,3,11,1,0,0,0,0
2076,28,0,63,0,3,11,1,0,0,0,0
2077,29,0,63,0,3,11,1,0,0,0,0
2078,30,0,63,0,3,11,1,0,0,0,0
2079,31,0,63,0,3,11,1,0,0,0,0
2080,32,0,63,0,3,11,1,0,0,0,0
2081,33,0,63,0,3,11,1,0,0,0,0
2082,34,0,63,0,3,11,1,0,0,0,0
2083,35,0,63,0,3,11,1,0,0,0,0
2084,36,0,63,0,3,11,1,0,0,0,0
2085,37,0,63,0,3,11,1,0,0,0,0
2086,38,0,63,0,3,11,1,0,0,0,0
2087,39,0,63,0,3,11,1,0,0,0,0
2088,40,0,63,0,3,11,1,0,0,0,0
2089,41,0,63,0,3,11,1,0,0,0,0
2090,42,0,63,0,3,11,1,0,0,0,0
2091,43,0,63,0,3,11,1,0,0,0,0
2092,44,0,63,0,3,11,1,0,0,0,0
2093,45,0,63,0,3,11,1,0,0,0,0
2094,46,0,63,0,3,11,1,0,0,0,0
2095,47,0,63,0,3,11,1,0,0,0,0
2096,48,0,63,0,3,11,1,0,0,0,0
2097,49,0,63,0,3,11,1,0,0,0,0
2098,50,0,63,0,3,11,1,0,0,0,0
2099,51,0,63,0,3,11,1,0,0,0,0
2100,52,0,63,0,3,11,1,0,0,0,0
2101,53,0,63,0,3,11,1,0,0,0,0
2102,54,0,63,0,3,11,1,0,0,0,0
2103,55,0,63,0,3,11,1,0,0,0,0
2104,56,0,63,0,3,11,1,0,0,0,0
2105,57,0,63,0,3,11,1,0,0,0,0
2106,58,0,63,0,3,11,1,0,0,0,0
2107,59,0,63,0,3,11,1,0,0,0,0
2108,60,0,63,0,3,11,1,0,0,0,0
2109,61,0,63,0,3,11,1,0,0,0,0
2110,62,0,63,0,3,11,1,0,0,0,0
2111,63,0,63,0,3,11,1,0,0,0,0
2112,64,0,63,0,3,11,1,0,0,0,0
2113,65,0,63,0,3,11,1,0,0,0,0
2114,66,0,63,0,3,11,1,0,0,0,0
2115,67,0,63,0,3,11,1,0,0,0,0
2116,68,0,63,0,3,11,1,0,0,0,0
2117,69,0,63,0,3,11,1,0,0,0,0
2118,70,0,63,0,3,11,1,0,0,0,0
2119,71,0,63,0,3,11,1,0,0,0,0
2120,72,0,63,0,3,11,1,0,0,0,0
2121,73,0,63,0,3,11,1,0,0,0,0
2122,74,0,63,0,3,11,1,0,0,0,0
2123,75,0,63,0,3,11,1,0,0,0,0
2124,76,0,63,0,3,11,1,0,0,0,0
2125,77,0,63,0,3,11,1,0,0,0,0
2126,78,0,63,0,3,11,1,0,0,0,0
2127,79,0,63,0,3,11,1,0,0,0,0
2128,80,0,63,0,3,11,1,0,0,0,0
2129,81,0,63,0,3,11,1,0,0,0,0
2130,82,0,63,0,3,11,1,0,0,0,0
2131,83,0,63,0,3,11,1,0,0,0,0
2132,84,0,63,0,3,11,1,0,0,0,0
2133,85,0,63,0,3,11,1,0,0,0,0
2134,86,0,63,0,3,11,1,0,0,0,0
2135,87,0,63,0,3,11,1,0,0,0,0
2136,88,0,63,0,3,11,1,0,0,0,0
2137,89,0,63,0,3,11,1,0,0,0,0
2138,90,0,63,0,3,11,1,0,0,0,0
2139,91,0,63,0,3,11,1,0,0,0,0
2140,92,0,63,0,3,11,1,0,0,0,0
2141,93,0,63,0,3,11,1,0,0,0,0
2142,94,0,63,0,3,11,1,0,0,0,0
2143,95,0,63,0,3,11,1,0,0,0,0
2144,96,0,63,0,3,11,1,0,0,0,0
2145,97,0,63,0,3,11,1,0,0,0,0
2146,98,0,63,0,3,11,1,0,0,0,0
2147,99,0,63,0,3,11,1,0,0,0,0
2148,100,0,63,0,3,11,1,0,0,0,0
2149,101,0,63,0,3,11,1,0,0,0,0
2150,102,0,63,0,3,11,1,0,0,0,0
2151,103,0,63,0,3,11,1,0,0,0,0
2152,104,0,63,0,3,11,1,0,0,0,0
2153,105,0,63,0,3,11,1,0,0,0,0
2154,106,0,63,0,3,11,1,0,0,0,0
2155,107,0,63,0,3,11,1,0,0,0,0
2156,108,0,63,0,3,11,1,0,0,0,0
2157,109,0,63,0,3,11,1,0,0,0,0
2158,110,0,63,0,3,11,1,0,0,0,0
2159,111,0,63,0,3,11,1,0,0,0,0
2160,112,0,63,0,3,11,1,0,0,0,0
2161,113,0,63,0,3,11,1,0,0,0,0
2162,114,0,63,0,3,11,1,0,0,0,0
2163,115,0,63,0,3,11,1,0,0,0,0
2164,116,0,63,0,3,11,1,0,0,0,0
2165,117,0,63,0,3,11,1,0,0,0,0
2166,118,0,63,0,3,11,1,0,0,0,0
2167,119,0,63,0,3,11,1,0,0,0,0
2168,120,0,63,0,3,11,1,0,0,0,0
2169,121,0,63,0,3,11,1,0,0,0,0
2170,122,0,63,0,3,11,1,0,0,0,0
2171,123,0,63,0,3,11,1,0,0,0,0
2172,124,0,63,0,3,11,1,0,0,0,0
2173,125,0,63,0,3,11,1,0,0,0,0
2174,126,0,63,0,3,11,1,0,0,0,0
2175,127,0,63,0,3,11,1,0,0,0,0
2176,128,0,63,0,3,11,1,0,0,0,0
2177,129,0,63,0,3,11,1,0,0,0,0
2178,130,0,63,0,3,11,1,0,0,0,0
2179,131,0,63,0,3,11,1,0,0,0,0
2180,132,0,63,0,3,11,1,0,0,0,0
2181,133,0,63,0,3,11,1,0,0,0,0
2182,134,0,63,0,3,11,1,0,0,0,0
2183,135,0,63,0,3,11,1,0,0,0,0
2184,136,0,63,0,3,11,1,0,0,0,0
2185,137,0,63,0,3,11,1,0,0,0,0
2186,138,0,63,0,3,11,1,0,0,0,0
2187,139,0,63,0,3,11,1,0,0,0,0
2188,140,0,63,0,3,11,1,0,0,0,0
2189,141,0,63,0,3,11,1,0,0,0,0
2190,142,0,63,0,3,11,1,0,0,0,0
2191,143,0,63,0,3,11,1,0,0,0,0
2192,144,0,63,0,3,11,1,0,0,0,0
2193,145,0,63,0,3,11,1,0,0,0,0
2194,146,0,63,0,3,11,1,0,0,0,0
2195,147,0,63,0,3,11,1,0,0,0,0
2196,148,0,63,0,3,11,1,0,0,0,0
2197,149,0,63,0,3,11,1,0,0,0,0
2198,150,0,63,0,3,11,1,0,0,0,0
2199,151,0,63,0,3,11,1,0,0,0,0
2200,152,0,63,0,3,11,1,0,0,0,0
2201,153,0,63,0,3,11,1,0,0,0,0
2202,154,0,63,0,3,11,1,0,0,0,0
2203,155,0,63,0,3,11,1,0,0,0,0
2204,156,0,63,0,3,11,1,0,0,0,0
2205,157,0,63,0,3,11,1,0,0,0,0
2206,158,0,63,0,3,11,1,0,0,0,0
2207,159,0,63,0,3,11,1,0,0,0,0
2208,160,0,63,0,3,11,1,0,0,0,0
2209,161,0,63,0,3,11,1,0,0,0,0
2210,162,0,63,0,3,11,1,0,0,0,0
2211,163,0,63,0,3,11,1,0,0,0,0
2212,164,0,63,0,3,11,1,0,0,0,0
2213,165,0,63,0,3,11,1,0,0,0,0
2214,166,0,63,0,3,11,1,0,0,0,0
2215,167,0,63,0,3,11,1,0,0,0,0
2216,168,0,63,0,3,11,1,0,0,0,0
2217,169,0,63,0,3,11,1,0,0,0,0
2218,170,0,63,0,3,11,1,0,0,0,0
2219,171,0,63,0,3,11,1,0,0,0,0
2220,172,0,63,0,3,11,1,0,0,0,0
2221,173,0,63,0,3,11,1,0,0,0,0
2222,174,0,63,0,3,11,1,0,0,0,0
2223,175,0,63,0,3,11,1,0,0,0,0
2224,176,0,63,0,3,11,1,0,0,0,0
2225,177,0,63,0,3,11,0,0,0,0,0
2226,178,0,63,0,3,11,0,0,0,0,0
2227,179,0,63,0,3,11,0,0,0,0,0
2228,180,0,63,0,3,11,0,0,0,0,0
2229,181,0,63,0,3,11,0,0,0,0,0
2230,182,0,63,0,3,11,0,0,0,0,0
2231,183,0,63,0,3,11,0,0,0,0,0
2232,184,0,63,0,3,11,0,0,0,0,0
2233,185,0,63,0,3,11,0,0,0,0,0
2234,186,0,63,0,3,11,0,0,0,0,0
2235,187,0,63,0,3,11,0,0,0,0,0
2236,188,0,63,0,3,11,0,0,0,0,0
2237,189,0,63,0,3,11,0,0,0,0,0
2238,190,0,63,0,3,11,0,0,0,0,0
2239,191,0,63,0,3,11,0,0,0,0,0
2240,192,0,63,0,3,11,0,0,0,0,0
2241,193,0,63,0,3,11,0,0,0,0,0
2242,194,0,63,0,3,11,0,0,0,0,0
2243,195,0,63,0,3,11,0,0,0,0,0
2244,196,0,63,0,3,11,0,0,0,0,0
2245,197,0,63,0,3,11,0,0,0,0,0
2246,198,0,63,0,3,11,0,0,0,0,0
2247,199,0,63,0,3,11,0,0,0,0,0
2248,200,0,63,0,3,11,0,0,0,0,0
2249,201,0,63,0,3,11,0,0,0,0,0
2250,202,0,63,0,3,11,0,0,0,0,0
2251,203,0,63,0,3,11,0,0,0,0,0
2252,204,0,63,0,3,11,0,0,0,0,0
2253,205,0,63,0,3,11,0,0,0,0,0
2254,206,0,63,0,3,11,0,0,0,0,0
2255,207,0,63,0,3,11,0,0,0,0,0
2256,208,0,63,0,3,11,0,0,0,0,0
2257,209,0,63,0,3,11,0,0,0,0,0
2258,210,0,63,0,3,11,0,0,0,0,0
2259,211,0,63,0,3,11,0,0,0,0,0
2260,212,0,63,0,3,11,0,0,0,0,0
2261,213,0,63,0,3,11,0,0,0,0,0
2262,214,0,63,0,3,11,0,0,0,0,0
2263,215,0,63,0,3,11,0,0,0,0,0
2264,216,0,63,0,3,11,0,0,0,0,0
2265,217,0,63,0,3,11,0,0,0,0,0
2266,218,0,63,0,3,11,0,0,0,0,0
2267,219,0,63,0,3,11,0,0,0,0,0
2268,220,0,63,0,3,11,0,0,0,0,0
2269,221,0,63,0,3,11,0,0,0,0,0
2270,222,0,63,0,3,11,0,0,0,0,0
2271,223,0,63,0,3,11,0,0,0,0,0
2272,224,0,63,0,3,11,0,0,0,0,0
2273,225,0,63,0,3,11,0,0,0,0,0
2274,226,0,63,0,3,11,0,0,0,0,0
2275,227,0,63,0,3,11,0,0,0,0,0
2276,228,0,63,0,3,11,0,0,0,0,0
2277,229,0,63,0,3,11,0,0,0,0,0
2278,230,0,63,0,3,11,0,0,0,0,0
2279,231,0,63,0,3,11,0,0,0,0,0
2280,232,0,63,0,3,11,0,0,0,0,0
2281,233,0,63,0,3,11,0,0,0,0,0
2282,234,0,63,0,3,11,0,0,0,0,0
2283,235,0,63,0,3,11,0,0,0,0,0
2284,236,0,63,0,3,11,0,0,0,0,0
2285,237,0,63,0,3,11,0,0,0,0,0
2286,238,0,63,0,3,11,0,0,0,0,0
2287,239,0,63,0,3,11,0,0,0,0,0
2288,240,0,63,0,3,11,0,0,0,0,0
2289,241,0,63,0,3,11,0,0,0,0,0
2290,242,0,63,0,3,11,0,0,0,0,0
2291,243,0,63,0,3,11,0,0,0,0,0
2292,244,0,63,0,3,11,0,0,0,0,0
2293,245,0,63,0,3,11,0,0,0,0,0
2294,246,0,63,0,3,11,0,0,0,0,0
2295,247,0,63,0,3,11,0,0,0,0,0
2296,248,0,63,0,3,11,0,0,0,0,0
2297,249,0,63,0,3,11,0,0,0,0,0
2298,250,0,63,0,3,11,0,0,0,0,0
2299,251,0,63,0,3,11,0,0,0,0,0
2300,252,0,63,0,3,11,0,0,0,0,0
2301,253,0,63,0,3,11,0,0,0,0,0
2302,254,0,63,0,3,11,0,0,0,0,0
2303,255,0,63,0,3,11,0,0,0,0,0
2304,0,0,63,0,3,11,0,0,0,0,0
2305,1,0,63,0,3,11,0,0,0,0,0
2306,2,0,63,0,3,11,0,0,0,0,0
2307,3,0,63,0,3,11,0,0,0,0,0
2308,4,0,63,0,3,11,0,0,0,0,0
2309,5,0,63,0,3,11,0,0,0,0,0
2310,6,0,63,0,3,11,0,0,0,0,0
2311,7,0,63,0,3,11,0,0,0,0,0
2312,8,0,63,0,3,11,0,0,0,0,0
2313,9,0,63,0,3,11,0,0,0,0,0
2314,10,0,63,0,3,11,0,0,0,0,0
2315,11,0,63,0,3,11,0,0,0,0,0
2316,12,0,63,0,3,11,0,0,0,0,0
2317,13,0,63,0,3,11,0,0,0,0,0
2318,14,0,63,0,3,11,0,0,0,0,0
2319,15,0,63,0,3,11,0,0,0,0,0
2320,16,0,63,0,3,11,0,0,0,0,0
2321,17,0,63,0,3,11,0,0,0,0,0
2322,18,0,63,0,3,11,0,0,0,0,0
2323,19,0,63,0,3,11,0,0,0,0,0
2324,20,1,63,0,3,11,1,0,0,0,0
2325,21,0,63,0,3,11,1,0,0,0,0
2326,22,0,63,0,3,11,1,0,0,0,0
2327,23,0,63,0,3,11,1,0,0,0,0
2328,24,0,63,0,3,11,1,0,0,0,0
2329,25,0,63,0,3,11,1,0,0,0,0
2330,26,0,63,0,3,11,1,0,0,0,0
2331,27,0,63,0,3,11,1,0,0,0,0
2332,28,0,63,0,3,11,1,0,0,0,0
2333,29,0,63,0,3,11,1,0,0,0,0
2334,30,0,63,0,3,11,1,0,0,0,0
2335,31,0,63,0,3,11,1,0,0,0,0
2336,32,0,63,0,3,11,1,0,0,0,0
2337,33,0,63,0,3,11,1,0,0,0,0
2338,34,0,63,0,3,11,1,0,0,0,0
2339,35,0,63,0,3,11,1,0,0,0,0
2340,36,0,63,0,3,11,1,0,0,0,0
2341,37,0,63,0,3,11,1,0,0,0,0
2342,38,0,63,0,3,11,1,0,0,0,0
2343,39,0,63,0,3,11,1,0,0,0,0
2344,40,0,63,0,3,11,1,0,0,0,0
2345,41,0,63,0,3,11,1,0,0,0,0
2346,42,0,63,0,3,11,1,0,0,0,0
2347,43,0,63,0,3,11,1,0,0,0,0
2348,44,0,63,0,3,11,1,0,0,0,0
2349,45,0,63,0,3,11,1,0,0,0,0
2350,46,0,63,0,3,11,1,0,0,0,0
2351,47,0,63,0,3,11,1,0,0,0,0
2352,48,0,63,0,3,11,1,0,0,0,0
2353,49,0,63,0,3,11,1,0,0,0,0
2354,50,0,63,0,3,11,1,0,0,0,0
2355,51,0,63,0,3,11,1,0,0,0,0
2356,52,0,63,0,3,11,1,0,0,0,0
2357,53,0,63,0,3,11,1,0,0,0,0
2358,54,0,63,0,3,11,1,0,0,0,0
2359,55,0,63,0,3,11,1,0,0,0,0
2360,56,0,63,0,3,11,1,0,0,0,0
2361,57,0,63,0,3,11,1,0,0,0,0
2362,58,0,63,0,3,11,1,0,0,0,0
2363,59,0,63,0,3,11,1,0,0,0,0
2364,60,0,63,0,3,11,1,0,0,0,0
2365,61,0,63,0,3,11,1,0,0,0,0
2366,62,0,63,0,3,11,1,0,0,0,0
2367,63,0,63,0,3,11,1,0,0,0,0
2368,64,0,63,0,3,11,1,0,0,0,0
2369,65,0,63,0,3,11,1,0,0,0,0
2370,66,0,63,0,3,11,1,0,0,0,0
2371,67,0,63,0,3,11,1,0,0,0,0
2372,68,0,63,0,3,11,1,0,0,0,0
2373,69,0,63,0,3,11,1,0,0,0,0
2374,70,0,63,0,3,11,1,0,0,0,0
2375,71,0,63,0,3,11,1,0,0,0,0
2376,72,0,63,0,3,11,1,0,0,0,0
2377,73,0,63,0,3,11,1,0,0,0,0
2378,74,0,63,0,3,11,1,0,0,0,0
2379,75,0,63,0,3,11,1,0,0,0,0
2380,76,0,63,0,3,11,1,0,0,0,0
2381,77,0,63,0,3,11,1,0,0,0,0
2382,78,0,63,0,3,11,1,0,0,0,0
2383,79,0,63,0,3,11,1,0,0,0,0
2384,80,0,63,0,3,11,1,0,0,0,0
2385,81,0,63,0,3,11,1,0,0,0,0
2386,82,0,63,0,3,11,1,0,0,0,0
2387,83,0,63,0,3,11,1,0,0,0,0
2388,84,0,63,0,3,11,1,0,0,0,0
2389,85,0,63,0,3,11,1,0,0,0,0
2390,86,0,63,0,3,11,1,0,0,0,0
2391,87,0,63,0,3,11,1,0,0,0,0
2392,88,0,63,0,3,11,1,0,0,0,0
2393,89,0,63,0,3,11,1,0,0,0,0
2394,90,0,63,0,3,11,1,0,0,0,0
2395,91,0,63,0,3,11,1,0,0,0,0
2396,92,0,63,0,3,11,1,0,0,0,0
2397,93,0,63,0,3,11,1,0,0,0,0
2398,94,0,63,0,3,11,1,0,0,0,0
2399,95,0,63,0,3,11,1,0,0,0,0
2400,96,0,63,0,3,11,1,0,0,0,0
2401,97,0,63,0,3,11,1,0,0,0,0
2402,98,0,63,0,3,11,1,0,0,0,0
2403,99,0,63,0,3,11,1,0,0,0,0
2404,100,0,63,0,3,11,1,0,0,0,0
2405,101,0,63,0,3,11,1,0,0,0,0
2406,102,0,63,0,3,11,1,0,0,0,0
2407,103,0,63,0,3,11,1,0,0,0,0
2408,104,0,63,0,3,11,1,0,0,0,0
2409,105,0,63,0,3,11,1,0,0,0,0
2410,106,0,63,0,3,11,1,0,0,0,0
2411,107,0,63,0,3,11,1,0,0,0,0
2412,108,0,63,0,3,11,1,0,0,0,0
2413,109,0,63,0,3,11,1,0,0,0,0
2414,110,0,63,0,3,11,1,0,0,0,0
2415,111,0,63,0,3,11,1,0,0,0,0
2416,112,0,63,0,3,11,1,0,0,0,0
2417,113,0,63,0,3,11,1,0,0,0,0
2418,114,0,63,0,3,11,1,0,0,0,0
2419,115,0,63,0,3,11,1,0,0,0,0
2420,116,0,63,0,3,11,1,0,0,0,0
2421,117,0,63,0,3,11,1,0,0,0,0
2422,118,0,63,0,3,11,1,0,0,0,0
2423,119,0,63,0,3,11,1,0,0,0,0
2424,120,0,63,0,3,11,1,0,0,0,0
2425,121,0,63,0,3,11,1,0,0,0,0
2426,122,0,63,0,3,11,1,0,0,0,0
2427,123,0,63,0,3,11,1,0,0,0,0
2428,124,0,63,0,3,11,1,0,0,0,0
2429,125,0,63,0,3,11,1,0,0,0,0
2430,126,0,63,0,3,11,1,0,0,0,0
2431,127,0,63,0,3,11,1,0,0,0,0
2432,128,0,63,0,3,11,1,0,0,0,0
2433,129,0,63,0,3,11,1,0,0,0,0
2434,130,0,63,0,3,11,1,0,0,0,0
2435,131,0,63,0,3,11,1,0,0,0,0
2436,132,0,63,0,3,11,1,0,0,0,0
2437,133,0,63,0,3,11,1,0,0,0,0
2438,134,0,63,0,3,11,1,0,0,0,0
2439,135,0,63,0,3,11,1,0,0,0,0
2440,136,0,63,0,3,11,1,0,0,0,0
2441,137,0,63,0,3,11,1,0,0,0,0
2442,138,0,63,0,3,11,1,0,0,0,0
2443,139,0,63,0,3,11,1,0,0,0,0
2444,140,0,63,0,3,11,1,0,0,0,0
2445,141,0,63,0,3,11,1,0,0,0,0
2446,142,0,63,0,3,11,1,0,0,0,0
2447,143,0,63,0,3,11,1,0,0,0,0
2448,144,0,63,0,3,11,1,0,0,0,0
2449,145,0,63,0,3,11,1,0,0,0,0
2450,146,0,63,0,3,11,1,0,0,0,0
2451,147,0,63,0,3,11,1,0,0,0,0
2452,148,0,63,0,3,11,1,0,0,0,0
2453,149,0,63,0,3,11,1,0,0,0,0
2454,150,0,63,0,3,11,1,0,0,0,0
2455,151,0,63,0,3,11,1,0,0,0,0
2456,152,0,63,0,3,11,1,0,0,0,0
2457,153,0,63,0,3,11,1,0,0,0,0
2458,154,0,63,0,3,11,1,0,0,0,0
2459,155,0,63,0,3,11,1,0,0,0,0
2460,156,0,63,0,3,11,1,0,0,0,0
2461,157,0,63,0,3,11,1,0,0,0,0
2462,158,0,63,0,3,11,1,0,0,0,0
2463,159,0,63,0,3,11,1,0,0,0,0
2464,160,0,63,0,3,11,1,0,0,0,0
2465,161,0,63,0,3,11,1,0,0,0,0
2466,162,0,63,0,3,11,1,0,0,0,0
2467,163,0,63,0,3,11,1,0,0,0,0
2468,164,0,63,0,3,11,1,0,0,0,0
2469,165,0,63,0,3,11,1,0,0,0,0
2470,166,0,63,0,3,11,0,0,0,0,0
2471,167,0,63,0,3,11,0,0,0,0,0
2472,168,0,63,0,3,11,0,0,0,0,0
2473,169,0,63,0,3,11,0,0,0,0,0
2474,170,0,63,0,3,11,0,0,0,0,0
2475,171,0,63,0,3,11,0,0,0,0,0
2476,172,0,63,0,3,11,0,0,0,0,0
2477,173,0,63,0,3,11,0,0,0,0,0
2478,174,0,63,0,3,11,0,0,0,0,0
2479,175,0,63,0,3,11,0,0,0,0,0
2480,176,0,63,0,3,11,0,0,0,0,0
2481,177,0,63,0,3,11,0,0,0,0,0
2482,178,0,63,0,3,11,0,0,0,0,0
2483,179,0,63,0,3,11,0,0,0,0,0
2484,180,0,63,0,3,11,0,0,0,0,0
2485,181,0,63,0,3,11,0,0,0,0,0
2486,182,0,63,0,3,11,0,0,0,0,0
2487,183,0,63,0,3,11,0,0,0,0,0
2488,184,0,63,0,3,11,0,0,0,0,0
2489,185,0,63,0,3,11,0,0,0,0,0
2490,186,0,63,0,3,11,0,0,0,0,0
2491,187,0,63,0,3,11,0,0,0,0,0
2492,188,0,63,0,3,11,0,0,0,0,0
2493,189,0,63,0,3,11,0,0,0,0,0
2494,190,0,63,0,3,11,0,0,0,0,0
2495,191,0,63,0,3,11,0,0,0,0,0
2496,192,0,63,0,3,11,0,0,0,0,0
2497,193,0,63,0,3,11,0,0,0,0,0
2498,194,0,63,0,3,11,0,0,0,0,0
2499,195,0,63,0,3,11,0,0,0,0,0
2500,196,0,63,0,3,11,0,0,0,0,0
2501,197,0,63,0,3,11,0,0,0,0,0
2502,198,0,63,0,3,11,0,0,0,0,0
2503,199,0,63,0,3,11,0,0,0,0,0
2504,200,0,63,0,3,11,0,0,0,0,0
2505,201,0,63,0,3,11,0,0,0,0,0
2506,202,0,63,0,3,11,0,0,0,0,0
2507,203,0,63,0,3,11,0,0,0,0,0
2508,204,0,63,0,3,11,0,0,0,0,0
2509,205,0,63,0,3,11,0,0,0,0,0
2510,206,0,63,0,3,11,0,0,0,0,0
2511,207,0,63,0,3,11,0,0,0,0,0
2512,208,0,63,0,3,11,0,0,0,0,0
2513,209,0,63,0,3,11,0,0,0,0,0
2514,210,0,63,0,3,11,0,0,0,0,0
2515,211,0,63,0,3,11,0,0,0,0,0
2516,212,0,63,0,3,11,0,0,0,0,0
2517,213,0,63,0,3,11,0,0,0,0,0
2518,214,0,63,0,3,11,0,0,0,0,0
2519,215,0,63,0,3,11,0,0,0,0,0
2520,216,0,63,0,3,11,0,0,0,0,0
2521,217,0,63,0,3,11,0,0,0,0,0
2522,218,0,63,0,3,11,0,0,0,0,0
2523,219,0,63,0,3,11,0,0,0,0,0
2524,220,0,63,0,3,11,0,0,0,0,0
2525,221,0,63,0,3,11,0,0,0,0,0
2526,222,0,63,0,3,11,0,0,0,0,0
2527,223,0,63,0,3,11,0,0,0,0,0
2528,224,0,63,0,3,11,0,0,0,0,0
2529,225,0,63,0,3,11,0,0,0,0,0
2530,226,0,63,0,3,11,0,0,0,0,0
2531,227,0,63,0,3,11,0,0,0,0,0
2532,228,0,63,0,3,11,0,0,0,0,0
2533,229,0,63,0,3,11,0,0,0,0,0
2534,230,0,63,0,3,11,0,0,0,0,0
2535,231,0,63,0,3,11,0,0,0,0,0
2536,232,0,63,0,3,11,0,0,0,0,0
2537,233,0,63,0,3,11,0,0,0,0,0
2538,234,0,63,0,3,11,0,0,0,0,0
2539,235,0,63,0,3,11,0,0,0,0,0
2540,236,0,63,0,3,11,0,0,0,0,0
2541,237,0,63,0,3,11,0,0,0,0,0
2542,238,0,63,0,3,11,0,0,0,0,0
2543,239,0,63,0,3,11,0,0,0,0,0
2544,240,0,63,0,3,11,0,0,0,0,0
2545,241,0,63,0,3,11,0,0,0,0,0
2546,242,0,63,0,3,11,0,0,0,0,0
2547,243,0,63,0,3,11,0,0,0,0,0
2548,244,0,63,0,3,11,0,0,0,0,0
2549,245,0,63,0,3,11,0,0,0,0,0
2550,246,0,63,0,3,11,0,0,0,0,0
2551,247,0,63,0,3,11,0,0,0,0,0
2552,248,0,63,0,3,11,0,0,0,0,0
2553,249,0,63,0,3,11,0,0,0,0,0
2554,250,0,63,0,3,11,0,0,0,0,0
2555,251,0,63,0,3,11,0,0,0,0,0
2556,252,0,63,0,3,11,0,0,0,0,0
2557,253,0,63,0,3,11,0,0,0,0,0
2558,254,0,63,0,3,11,0,0,0,0,0
2559,255,0,63,0,3,11,0,0,0,0,0
2560,0,0,63,0,3,11,0,0,0,0,0
2561,1,0,63,0,3,11,0,0,0,0,0
2562,2,0,63,0,3,11,0,0,0,0,0
2563,3,0,63,0,3,11,0,0,0,0,0
2564,4,0,63,0,3,11,0,0,0,0,0
2565,5,0,63,0,3,11,0,0,0,0,0
2566,6,0,63,0,3,11,0,0,0,0,0
2567,7,0,63,0,3,11,0,0,0,0,0
2568,8,0,63,0,3,11,0,0,0,0,0
2569,9,0,63,0,3,11,0,0,0,0,0
2570,10,0,63,0,3,11,0,0,0,0,0
2571,11,0,63,0,3,11,0,0,0,0,0
2572,12,0,63,0,3,11,0,0,0,0,0
2573,13,0,63,0,3,11,0,0,0,0,0
2574,14,0,63,0,3,11,0,0,0,0,0
2575,15,0,63,0,3,11,0,0,0,0,0
2576,16,0,63,0,3,11,0,0,0,0,0
2577,17,0,63,0,3,11,0,0,0,0,0
2578,18,0,63,0,3,11,0,0,0,0,0
2579,19,0,63,0,3,11,0,0,0,0,0
2580,20,1,63,0,3,11,1,0,0,0,0
2581,21,0,63,0,3,11,1,0,0,0,0
2582,22,0,63,0,3,11,1,0,0,0,0
2583,23,0,63,0,3,11,1,0,0,0,0
2584,24,0,63,0,3,11,1,0,0,0,0
2585,25,0,63,0,3,11,1,0,0,0,0
2586,26,0,63,0,3,11,1,0,0,0,0
2587,27,0,63,0,3,11,1,0,0,0,0
2588,28,0,63,0,3,11,1,0,0,0,0
2589,29,0,63,0,3,11,1,0,0,0,0
2590,30,0,63,0,3,11,1,0,0,0,0
2591,31,0,63,0,3,11,1,0,0,0,0
2592,32,0,63,0,3,11,1,0,0,0,0
2593,33,0,63,0,3,11,1,0,0,0,0
2594,34,0,63,0,3,11,1,0,0,0,0
2595,35,0,63,0,3,11,1,0,0,0,0
2596,36,0,63,0,3,11,1,0,0,0,0
2597,37,0,63,0,3,11,1,0,0,0,0
2598,38,0,63,0,3,11,1,0,0,0,0
2599,39,0,63,0,3,11,1,0,0,0,0
2600,40,0,63,0,3,11,1,0,0,0,0
2601,41,0,63,0,3,11,1,0,0,0,0
2602,42,0,63,0,3,11,1,0,0,0,0
2603,43,0,63,0,3,11,1,0,0,0,0
2604,44,0,63,0,3,11,1,0,0,0,0
2605,45,0,63,0,3,11,1,0,0,0,0
2606,46,0,63,0,3,11,1,0,0,0,0
2607,47,0,63,0,3,11,1,0,0,0,0
2608,48,0,63,0,3,11,1,0,0,0,0
2609,49,0,63,0,3,11,1,0,0,0,0
2610,50,0,63,0,3,11,1,0,0,0,0
2611,51,0,63,0,3,11,1,0,0,0,0
2612,52,0,63,0,3,11,1,0,0,0,0
2613,53,0,63,0,3,11,1,0,0,0,0
2614,54,0,63,0,3,11,1,0,0,0,0
2615,55,0,63,0,3,11,1,0,0,0,0
2616,56,0,63,0,3,11,1,0,0,0,0
2617,57,0,63,0,3,11,1,0,0,0,0
2618,58,0,63,0,3,11,1,0,0,0,0
2619,59,0,63,0,3,11,1,0,0,0,0
2620,60,0,63,0,3,11,1,0,0,0,0
2621,61,0,63,0,3,11,1,0,0,0,0
2622,62,0,63,0,3,11,1,0,0,0,0
2623,63,0,63,0,3,11,1,0,0,0,0
2624,64,0,63,0,3,11,1,0,0,0,0
2625,65,0,63,0,3,11,1,0,0,0,0
2626,66,0,63,0,3,11,1,0,0,0,0
2627,67,0,63,0,3,11,1,0,0,0,0
2628,68,0,63,0,3,11,1,0,0,0,0
2629,69,0,63,0,3,11,1,0,0,0,0
2630,70,0,63,0,3,11,1,0,0,0,0
2631,71,0,63,0,3,11,1,0,0,0,0
2632,72,0,63,0,3,11,1,0,0,0,0
2633,73,0,63,0,3,11,1,0,0,0,0
2634,74,0,63,0,3,11,1,0,0,0,0
2635,75,0,63,0,3,11,1,0,0,0,0
2636,76,0,63,0,3,11,1,0,0,0,0
2637,77,0,63,0,3,11,1,0,0,0,0
2638,78,0,63,0,3,11,1,0,0,0,0
2639,79,0,63,0,3,11,1,0,0,0,0
2640,80,0,63,0,3,11,1,0,0,0,0
2641,81,0,63,0,3,11,1,0,0,0,0
2642,82,0,63,0,3,11,1,0,0,0,0
2643,83,0,63,0,3,11,1,0,0,0,0
2644,84,0,63,0,3,11,1,0,0,0,0
2645,85,0,63,0,3,11,1,0,0,0,0
2646,86,0,63,0,3,11,1,0,0,0,0
2647,87,0,63,0,3,11,1,0,0,0,0
2648,88,0,63,0,3,11,1,0,0,0,0
2649,89,0,63,0,3,11,1,0,0,0,0
2650,90,0,63,0,3,11,1,0,0,0,0
2651,91,0,63,0,3,11,1,0,0,0,0
2652,92,0,63,0,3,11,1,0,0,0,0
2653,93,0,63,0,3,11,1,0,0,0,0
2654,94,0,63,0,3,11,1,0,0,0,0
2655,95,0,63,0,3,11,1,0,0,0,0
2656,96,0,63,0,3,11,1,0,0,0,0
2657,97,0,63,0,3,11,1,0,0,0,0
2658,98,0,63,0,3,11,1,0,0,0,0
2659,99,0,63,0,3,11,1,0,0,0,0
2660,100,0,63,0,3,11,1,0,0,0,0
2661,101,0,63,0,3,11,1,0,0,0,0
2662,102,0,63,0,3,11,1,0,0,0,0
2663,103,0,63,0,3,11,1,0,0,0,0
2664,104,0,63,0,3,11,1,0,0,0,0
2665,105,0,63,0,3,11,1,0,0,0,0
2666,106,0,63,0,3,11,1,0,0,0,0
2667,107,0,63,0,3,11,1,0,0,0,0
2668,108,0,63,0,3,11,1,0,0,0,0
2669,109,0,63,0,3,11,1,0,0,0,0
2670,110,0,63,0,3,11,1,0,0,0,0
2671,111,0,63,0,3,11,1,0,0,0,0
2672,112,0,63,0,3,11,1,0,0,0,0
2673,113,0,63,0,3,11,1,0,0,0,0
2674,114,0,63,0,3,11,1,0,0,0,0
2675,115,0,63,0,3,11,1,0,0,0,0
2676,116,0,63,0,3,11,1,0,0,0,0
2677,117,0,63,0,3,11,1,0,0,0,0
2678,118,0,63,0,3,11,1,0,0,0,0
2679,119,0,63,0,3,11,1,0,0,0,0
2680,120,0,63,0,3,11,1,0,0,0,0
2681,121,0,63,0,3,11,1,0,0,0,0
2682,122,0,63,0,3,11,1,0,0,0,0
2683,123,0,63,0,3,11,1,0,0,0,0
2684,124,0,63,0,3,11,1,0,0,0,0
2685,125,0,63,0,3,11,1,0,0,0,0
2686,126,0,63,0,3,11,1,0,0,0,0
2687,127,0,63,0,3,11,1,0,0,0,0
2688,128,0,63,0,3,11,1,0,0,0,0
2689,129,0,63,0,3,11,1,0,0,0,0
2690,130,0,63,0,3,11,1,0,0,0,0
2691,131,0,63,0,3,11,1,0,0,0,0
2692,132,0,63,0,3,11,1,0,0,0,0
2693,133,0,63,0,3,11,1,0,0,0,0
2694,134,0,63,0,3,11,1,0,0,0,0
2695,135,0,63,0,3,11,1,0,0,0,0
2696,136,0,63,0,3,11,1,0,0,0,0
2697,137,0,63,0,3,11,1,0,0,0,0
2698,138,0,63,0,3,11,1,0,0,0,0
2699,139,0,63,0,3,11,1,0,0,0,0
2700,140,0,63,0,3,11,1,0,0,0,0
2701,141,0,63,0,3,11,1,0,0,0,0
2702,142,0,63,0,3,11,1,0,0,0,0
2703,143,0,63,0,3,11,1,0,0,0,0
2704,144,0,63,0,3,11,1,0,0,0,0
2705,145,0,63,0,3,11,1,0,0,0,0
2706,146,0,63,0,3,11,1,0,0,0,0
2707,147,0,63,0,3,11,1,0,0,0,0
2708,148,0,63,0,3,11,1,0,0,0,0
2709,149,0,63,0,3,11,1,0,0,0,0
2710,150,0,63,0,3,11,1,0,0,0,0
2711,151,0,63,0,3,11,1,0,0,0,0
2712,152,0,63,0,3,11,1,0,0,0,0
2713,153,0,63,0,3,11,1,0,0,0,0
2714,154,0,63,0,3,11,1,0,0,0,0
2715,155,0,63,0,3,11,1,0,0,0,0
2716,156,0,63,0,3,11,1,0,0,0,0
2717,157,0,63,0,3,11,1,0,0,0,0
2718,158,0,63,0,3,11,1,0,0,0,0
2719,159,0,63,0,3,11,1,0,0,0,0
2720,160,0,63,0,3,11,0,0,0,0,0
2721,161,0,63,0,3,11,0,0,0,0,0
2722,162,0,63,0,3,11,0,0,0,0,0
2723,163,0,63,0,3,11,0,0,0,0,0
2724,164,0,63,0,3,11,0,0,0,0,0
2725,165,0,63,0,3,11,0,0,0,0,0
2726,166,0,63,0,3,11,0,0,0,0,0
2727,167,0,63,0,3,11,0,0,0,0,0
2728,168,0,63,0,3,11,0,0,0,0,0
2729,169,0,63,0,3,11,0,0,0,0,0
2730,170,0,63,0,3,11,0,0,0,0,0
2731,171,0,63,0,3,11,0,0,0,0,0
2732,172,0,63,0,3,11,0,0,0,0,0
2733,173,0,63,0,3,11,0,0,0,0,0
2734,174,0,63,0,3,11,0,0,0,0,0
2735,175,0,63,0,3,11,0,0,0,0,0
2736,176,0,63,0,3,11,0,0,0,0,0
2737,177,0,63,0,3,11,0,0,0,0,0
2738,178,0,63,0,3,11,0,0,0,0,0
2739,179,0,63,0,3,11,0,0,0,0,0
2740,180,0,63,0,3,11,0,0,0,0,0
2741,181,0,63,0,3,11,0,0,0,0,0
2742,182,0,63,0,3,11,0,0,0,0,0
2743,183,0,63,0,3,11,0,0,0,0,0
2744,184,0,63,0,3,11,0,0,0,0,0
2745,185,0,63,0,3,11,0,0,0,0,0
2746,186,0,63,0,3,11,0,0,0,0,0
2747,187,0,63,0,3,11,0,0,0,0,0
2748,188,0,63,0,3,11,0,0,0,0,0
2749,189,0,63,0,3,11,0,0,0,0,0
2750,190,0,63,0,3,11,0,0,0,0,0
2751,191,0,63,0,3,11,0,0,0,0,0
2752,192,0,63,0,3,11,0,0,0,0,0
2753,193,0,63,0,3,11,0,0,0,0,0
2754,194,0,63,0,3,11,0,0,0,0,0
2755,195,0,63,0,3,11,0,0,0,0,0
2756,196,0,63,0,3,11,0,0,0,0,0
2757,197,0,63,0,3,11,0,0,0,0,0
2758,198,0,63,0,3,11,0,0,0,0,0
2759,199,0,63,0,3,11,0,0,0,0,0
2760,200,0,63,0,3,11,0,0,0,0,0
2761,201,0,63,0,3,11,0,0,0,0,0
2762,202,0,63,0,3,11,0,0,0,0,0
2763,203,0,63,0,3,11,0,0,0,0,0
2764,204,0,63,0,3,11,0,0,0,0,0
2765,205,0,63,0,3,11,0,0,0,0,0
2766,206,0,63,0,3,11,0,0,0,0,0
2767,207,0,63,0,3,11,0,0,0,0,0
2768,208,0,63,0,3,11,0,0,0,0,0
2769,209,0,63,0,3,11,0,0,0,0,0
2770,210,0,63,0,3,11,0,0,0,0,0
2771,211,0,63,0,3,11,0,0,0,0,0
2772,212,0,63,0,3,11,0,0,0,0,0
2773,213,0,63,0,3,11,0,0,0,0,0
2774,214,0,63,0,3,11,0,0,0,0,0
2775,215,0,63,0,3,11,0,0,0,0,0
2776,216,0,63,0,3,11,0,0,0,0,0
2777,217,0,63,0,3,11,0,0,0,0,0
2778,218,0,63,0,3,11,0,0,0,0,0
2779,219,0,63,0,3,11,0,0,0,0,0
2780,220,0,63,0,3,11,0,0,0,0,0
2781,221,0,63,0,3,11,0,0,0,0,0
2782,222,0,63,0,3,11,0,0,0,0,0
2783,223,0,63,0,3,11,0,0,0,0,0
2784,224,0,63,0,3,11,0,0,0,0,0
2785,225,0,63,0,3,11,0,0,0,0,0
2786,226,0,63,0,3,11,0,0,0,0,0
2787,227,0,63,0,3,11,0,0,0,0,0
2788,228,0,63,0,3,11,0,0,0,0,0
2789,229,0,63,0,3,11,0,0,0,0,0
2790,230,0,63,0,3,11,0,0,0,0,0
2791,231,0,63,0,3,11,0,0,0,0,0
2792,232,0,63,0,3,11,0,0,0,0,0
2793,233,0,63,0,3,11,0,0,0,0,0
2794,234,0,63,0,3,11,0,0,0,0,0
2795,235,0,63,0,3,11,0,0,0,0,0
2796,236,0,63,0,3,11,0,0,0,0,0
2797,237,0,63,0,3,11,0,0,0,0,0
2798,238,0,63,0,3,11,0,0,0,0,0
2799,239,0,63,0,3,11,0,0,0,0,0
2800,240,0,63,0,3,11,0,0,0,0,0
2801,241,0,63,0,3,11,0,0,0,0,0
2802,242,0,63,0,3,11,0,0,0,0,0
2803,243,0,63,0,3,11,0,0,0,0,0
2804,244,0,63,0,3,11,0,0,0,0,0
2805,245,0,63,0,3,11,0,0,0,0,0
2806,246,0,63,0,3,11,0,0,0,0,0
2807,247,0,63,0,3,11,0,0,0,0,0
2808,248,0,63,0,3,11,0,0,0,0,0
2809,249,0,63,0,3,11,0,0,0,0,0
2810,250,0,63,0,3,11,0,0,0,0,0
2811,251,0,63,0,3,11,0,0,0,0,0
2812,252,0,63,0,3,11,0,0,0,0,0
2813,253,0,63,0,3,11,0,0,0,0,0
2814,254,0,63,0,3,11,0,0,0,0,0
2815,255,0,63,0,3,11,0,0,0,0,0
2816,0,0,63,0,3,11,0,0,0,0,0
2817,1,0,63,0,3,11,0,0,0,0,0
2818,2,0,63,0,3,11,0,0,0,0,0
2819,3,0,63,0,3,11,0,0,0,0,0
2820,4,0,63,0,3,11,0,0,0,0,0
2821,5,0,63,0,3,11,0,0,0,0,0
2822,6,0,63,0,3,11,0,0,0,0,0
2823,7,0,63,0,3,11,0,0,0,0,0
2824,8,0,63,0,3,11,0,0,0,0,0
2825,9,0,63,0,3,11,0,0,0,0,0
2826,10,0,63,0,3,11,0,0,0,0,0
2827,11,0,63,0,3,11,0,0,0,0,0
2828,12,0,63,0,3,11,0,0,0,0,0
2829,13,0,63,0,3,11,0,0,0,0,0
2830,14,0,63,0,3,11,0,0,0,0,0
2831,15,0,63,0,3,11,0,0,0,0,0
2832,16,0,63,0,3,11,0,0,0,0,0
2833,17,0,63,0,3,11,0,0,0,0,0
2834,18,0,63,0,3,11,0,0,0,0,0
2835,19,0,63,0,3,11,0,0,0,0,0
2836,20,1,63,0,3,11,1,0,0,0,0
2837,21,0,63,0,3,11,1,0,0,0,0
2838,22,0,63,0,3,11,1,0,0,0,0
2839,23,0,63,0,3,11,1,0,0,0,0
2840,24,0,63,0,3,11,1,0,0,0,0
2841,25,0,63,0,3,11,1,0,0,0,0
2842,26,0,63,0,3,11,1,0,0,0,0
2843,27,0,63,0,3,11,1,0,0,0,0
2844,28,0,63,0,3,11,1,0,0,0,0
2845,29,0,63,0,3,11,1,0,0,0,0
2846,30,0,63,0,3,11,1,0,0,0,0
2847,31,0,63,0,3,11,1,0,0,0,0
2848,32,0,63,0,3,11,1,0,0,0,0
2849,33,0,63,0,3,11,1,0,0,0,0
2850,34,0,63,0,3,11,1,0,0,0,0
2851,35,0,63,0,3,11,1,0,0,0,0
2852,36,0,63,0,3,11,1,0,0,0,0
2853,37,0,63,0,3,11,1,0,0,0,0
2854,38,0,63,0,3,11,1,0,0,0,0
2855,39,0,63,0,3,11,1,0,0,0,0
2856,40,0,63,0,3,11,1,0,0,0,0
2857,41,0,63,0,3,11,1,0,0,0,0
2858,42,0,63,0,3,11,1,0,0,0,0
2859,43,0,63,0,3,11,1,0,0,0,0
2860,44,0,63,0,3,11,1,0,0,0,0
2861,45,0,63,0,3,11,1,0,0,0,0
2862,46,0,63,0,3,11,1,0,0,0,0
2863,47,0,63,0,3,11,1,0,0,0,0
2864,48,0,63,0,3,11,1,0,0,0,0
2865,49,0,63,0,3,11,1,0,0,0,0
2866,50,0,63,0,3,11,1,0,0,0,0
2867,51,0,63,0,3,11,1,0,0,0,0
2868,52,0,63,0,3,11,1,0,0,0,0
2869,53,0,63,0,3,11,1,0,0,0,0
2870,54,0,63,0,3,11,1,0,0,0,0
2871,55,0,63,0,3,11,1,0,0,0,0
2872,56,0,63,0,3,11,1,0,0,0,0
2873,57,0,63,0,3,11,1,0,0,0,0
2874,58,0,63,0,3,11,1,0,0,0,0
2875,59,0,63,0,3,11,1,0,0,0,0
2876,60,0,63,0,3,11,1,0,0,0,0
2877,61,0,63,0,3,11,1,0,0,0,0
2878,62,0,63,0,3,11,1,0,0,0,0
2879,63,0,63,0,3,11,1,0,0,0,0
2880,64,0,63,0,3,11,1,0,0,0,0
2881,65,0,63,0,3,11,1,0,0,0,0
2882,66,0,63,0,3,11,1,0,0,0,0
2883,67,0,63,0,3,11,1,0,0,0,0
2884,68,0,63,0,3,11,1,0,0,0,0
2885,69,0,63,0,3,11,1,0,0,0,0
2886,70,0,63,0,3,11,1,0,0,0,0
2887,71,0,63,0,3,11,1,0,0,0,0
2888,72,0,63,0,3,11,1,0,0,0,0
2889,73,0,63,0,3,11,1,0,0,0,0
2890,74,0,63,0,3,11,1,0,0,0,0
2891,75,0,63,0,3,11,1,0,0,0,0
2892,76,0,63,0,3,11,1,0,0,0,0
2893,77,0,63,0,3,11,1,0,0,0,0
2894,78,0,63,0,3,11,1,0,0,0,0
2895,79,0,63,0,3,11,1,0,0,0,0
2896,80,0,63,0,3,11,1,0,0,0,0
2897,81,0,63,0,3,11,1,0,0,0,0
2898,82,0,63,0,3,11,1,0,0,0,0
2899,83,0,63,0,3,11,1,0,0,0,0
2900,84,0,63,0,3,11,1,0,0,0,0
2901,85,0,63,0,3,11,1,0,0,0,0
2902,86,0,63,0,3,11,1,0,0,0,0
2903,87,0,63,0,3,11,1,0,0,0,0
2904,88,0,63,0,3,11,1,0,0,0,0
2905,89,0,63,0,3,11,1,0,0,0,0
2906,90,0,63,0,3,11,1,0,0,0,0
2907,91,0,63,0,3,11,1,0,0,0,0
2908,92,0,63,0,3,11,1,0,0,0,0
2909,93,0,63,0,3,11,1,0,0,0,0
2910,94,0,63,0,3,11,1,0,0,0,0
2911,95,0,63,0,3,11,1,0,0,0,0
2912,96,0,63,0,3,11,1,0,0,0,0
2913,97,0,63,0,3,11,1,0,0,0,0
2914,98,0,63,0,3,11,1,0,0,0,0
2915,99,0,63,0,3,11,1,0,0,0,0
2916,100,0,63,0,3,11,1,0,0,0,0
2917,101,0,63,0,3,11,1,0,0,0,0
2918,102,0,63,0,3,11,1,0,0,0,0
2919,103,0,63,0,3,11,1,0,0,0,0
2920,104,0,63,0,3,11,1,0,0,0,0
2921,105,0,63,0,3,11,1,0,0,0,0
2922,106,0,63,0,3,11,1,0,0,0,0
2923,107,0,63,0,3,11,1,0,0,0,0
2924,108,0,63,0,3,11,1,0,0,0,0
2925,109,0,63,0,3,11,1,0,0,0,0
2926,110,0,63,0,3,11,1,0,0,0,0
2927,111,0,63,0,3,11,1,0,0,0,0
2928,112,0,63,0,3,11,1,0,0,0,0
2929,113,0,63,0,3,11,1,0,0,0,0
2930,114,0,63,0,3,11,1,0,0,0,0
2931,115,0,63,0,3,11,1,0,0,0,0
2932,116,0,63,0,3,11,1,0,0,0,0
2933,117,0,63,0,3,11,1,0,0,0,0
2934,118,0,63,0,3,11,1,0,0,0,0
2935,119,0,63,0,3,11,1,0,0,0,0
2936,120,0,63,0,3,11,1,0,0,0,0
2937,121,0,63,0,3,11,1,0,0,0,0
2938,122,0,63,0,3,11,1,0,0,0,0
2939,123,0,63,0,3,11,1,0,0,0,0
2940,124,0,63,0,3,11,1,0,0,0,0
2941,125,0,63,0,3,11,1,0,0,0,0
2942,126,0,63,0,3,11,1,0,0,0,0
2943,127,0,63,0,3,11,1,0,0,0,0
2944,128,0,63,0,3,11,1,0,0,0,0
2945,129,0,63,0,3,11,1,0,0,0,0
2946,130,0,63,0,3,11,1,0,0,0,0
2947,131,0,63,0,3,11,1,0,0,0,0
2948,132,0,63,0,3,11,1,0,0,0,0
2949,133,0,63,0,3,11,1,0,0,0,0
2950,134,0,63,0,3,11,1,0,0,0,0
2951,135,0,63,0,3,11,1,0,0,0,0
2952,136,0,63,0,3,11,1,0,0,0,0
2953,137,0,63,0,3,11,1,0,0,0,0
2954,138,0,63,0,3,11,1,0,0,0,0
2955,139,0,63,0,3,11,1,0,0,0,0
2956,140,0,63,0,3,11,1,0,0,0,0
2957,141,0,63,0,3,11,1,0,0,0,0
2958,142,0,63,0,3,11,1,0,0,0,0
2959,143,0,63,0,3,11,1,0,0,0,0
2960,144,0,63,0,3,11,1,0,0,0,0
2961,145,0,63,0,3,11,1,0,0,0,0
2962,146,0,63,0,3,11,1,0,0,0,0
2963,147,0,63,0,3,11,1,0,0,0,0
2964,148,0,63,0,3,11,1,0,0,0,0
2965,149,0,63,0,3,11,1,0,0,0,0
2966,150,0,63,0,3,11,1,0,0,0,0
2967,151,0,63,0,3,11,1,0,0,0,0
2968,152,0,63,0,3,11,1,0,0,0,0
2969,153,0,63,0,3,11,1,0,0,0,0
2970,154,0,63,0,3,11,1,0,0,0,0
2971,155,0,63,0,3,11,1,0,0,0,0
2972,156,0,63,0,3,11,1,0,0,0,0
2973,157,0,63,0,3,11,1,0,0,0,0
2974,158,0,63,0,3,11,1,0,0,0,0
2975,159,0,63,0,3,11,1,0,0,0,0
2976,160,0,63,0,3,11,1,0,0,0,0
2977,161,0,63,0,3,11,1,0,0,0,0
2978,162,0,63,0,3,11,1,0,0,0,0
2979,163,0,63,0,3,11,0,0,0,0,0
2980,164,0,63,0,3,11,0,0,0,0,0
2981,165,0,63,0,3,11,0,0,0,0,0
2982,166,0,63,0,3,11,0,0,0,0,0
2983,167,0,63,0,3,11,0,0,0,0,0
2984,168,0,63,0,3,11,0,0,0,0,0
2985,169,0,63,0,3,11,0,0,0,0,0
2986,170,0,63,0,3,11,0,0,0,0,0
2987,171,0,63,0,3,11,0,0,0,0,0
2988,172,0,63,0,3,11,0,0,0,0,0
2989,173,0,63,0,3,11,0,0,0,0,0
2990,174,0,63,0,3,11,0,0,0,0,0
2991,175,0,63,0,3,11,0,0,0,0,0
2992,176,0,63,0,3,11,0,0,0,0,0
2993,177,0,63,0,3,11,0,0,0,0,0
2994,178,0,63,0,3,11,0,0,0,0,0
2995,179,0,63,0,3,11,0,0,0,0,0
2996,180,0,63,0,3,11,0,0,0,0,0
2997,181,0,63,0,3,11,0,0,0,0,0
2998,182,0,63,0,3,11,0,0,0,0,0
2999,183,0,63,0,3,11,0,0,0,0,0
3000,184,0,63,0,3,11,0,0,0,0,0
3001,185,0,63,0,3,11,0,0,0,0,0
3002,186,0,63,0,3,11,0,0,0,0,0
3003,187,0,63,0,3,11,0,0,0,0,0
3004,188,0,63,0,3,11,0,0,0,0,0
3005,189,0,63,0,3,11,0,0,0,0,0
3006,190,0,63,0,3,11,0,0,0,0,0
3007,191,0,63,0,3,11,0,0,0,0,0
3008,192,0,63,0,3,11,0,0,0,0,0
3009,193,0,63,0,3,11,0,0,0,0,0
3010,194,0,63,0,3,11,0,0,0,0,0
3011,195,0,63,0,3,11,0,0,0,0,0
3012,196,0,63,0,3,11,0,0,0,0,0
3013,197,0,63,0,3,11,0,0,0,0,0
3014,198,0,63,0,3,11,0,0,0,0,0
3015,199,0,63,0,3,11,0,0,0,0,0
3016,200,0,63,0,3,11,0,0,0,0,0
3017,201,0,63,0,3,11,0,0,0,0,0
3018,202,0,63,0,3,11,0,0,0,0,0
3019,203,0,63,0,3,11,0,0,0,0,0
3020,204,0,63,0,3,11,0,0,0,0,0
3021,205,0,63,0,3,11,0,0,0,0,0
3022,206,0,63,0,3,11,0,0,0,0,0
3023,207,0,63,0,3,11,0,0,0,0,0
3024,208,0,63,0,3,11,0,0,0,0,0
3025,209,0,63,0,3,11,0,0,0,0,0
3026,210,0,63,0,3,11,0,0,0,0,0
3027,211,0,63,0,3,11,0,0,0,0,0
3028,212,0,63,0,3,11,0,0,0,0,0
3029,213,0,63,0,3,11,0,0,0,0,0
3030,214,0,63,0,3,11,0,0,0,0,0
3031,215,0,63,0,3,11,0,0,0,0,0
3032,216,0,63,0,3,11,0,0,0,0,0
3033,217,0,63,0,3,11,0,0,0,0,0
3034,218,0,63,0,3,11,0,0,0,0,0
3035,219,0,63,0,3,11,0,0,0,0,0
3036,220,0,63,0,3,11,0,0,0,0,0
3037,221,0,63,0,3,11,0,0,0,0,0
3038,222,0,63,0,3,11,0,0,0,0,0
3039,223,0,63,0,3,11,0,0,0,0,0
3040,224,0,63,0,3,11,0,0,0,0,0
3041,225,0,63,0,3,11,0,0,0,0,0
3042,226,0,63,0,3,11,0,0,0,0,0
3043,227,0,63,0,3,11,0,0,0,0,0
3044,228,0,63,0,3,11,0,0,0,0,0
3045,229,0,63,0,3,11,0,0,0,0,0
3046,230,0,63,0,3,11,0,0,0,0,0
3047,231,0,63,0,3,11,0,0,0,0,0
3048,232,0,63,0,3,11,0,0,0,0,0
3049,233,0,63,0,3,11,0,0,0,0,0
3050,234,0,63,0,3,11,0,0,0,0,0
3051,235,0,63,0,3,11,0,0,0,0,0
3052,236,0,63,0,3,11,0,0,0,0,0
3053,237,0,63,0,3,11,0,0,0,0,0
3054,238,0,63,0,3,11,0,0,0,0,0
3055,239,0,63,0,3,11,0,0,0,0,0
3056,240,0,63,0,3,11,0,0,0,0,0
3057,241,0,63,0,3,11,0,0,0,0,0
3058,242,0,63,0,3,11,0,0,0,0,0
3059,243,0,63,0,3,11,0,0,0,0,0
3060,244,0,63,0,3,11,0,0,0,0,0
3061,245,0,63,0,3,11,0,0,0,0,0
3062,246,0,63,0,3,11,0,0,0,0,0
3063,247,0,63,0,3,11,0,0,0,0,0
3064,248,0,63,0,3,11,0,0,0,0,0
3065,249,0,63,0,3,11,0,0,0,0,0
3066,250,0,63,0,3,11,0,0,0,0,0
3067,251,0,63,0,3,11,0,0,0,0,0
3068,252,0,63,0,3,11,0,0,0,0,0
3069,253,0,63,0,3,11,0,0,0,0,0
3070,254,0,63,0,3,11,0,0,0,0,0
3071,255,0,63,0,3,11,0,0,0,0,0
